10/1/1976,400
10/2/1976,415
10/3/1976,435
10/4/1976,460
10/5/1976,450
10/6/1976,445
10/7/1976,418
10/8/1976,417
10/9/1976,410
10/10/1976,410
10/11/1976,408
10/12/1976,406
10/13/1976,413
10/14/1976,393
10/15/1976,395
10/16/1976,396
10/17/1976,379
10/18/1976,381
10/19/1976,376
10/20/1976,381
10/21/1976,367
10/22/1976,389
10/23/1976,391
10/24/1976,387
10/25/1976,384
10/26/1976,376
10/27/1976,378
10/28/1976,376
10/29/1976,369
10/30/1976,368
10/31/1976,374
11/1/1976,379
11/2/1976,374
11/3/1976,374
11/4/1976,382
11/5/1976,385
11/6/1976,376
11/7/1976,376
11/8/1976,374
11/9/1976,374
11/10/1976,359
11/11/1976,372
11/12/1976,361
11/13/1976,358
11/14/1976,349
11/15/1976,388
11/16/1976,391
11/17/1976,374
11/18/1976,372
11/19/1976,368
11/20/1976,372
11/21/1976,368
11/22/1976,355
11/23/1976,343
11/24/1976,360
11/25/1976,370
11/26/1976,376
11/27/1976,335
11/28/1976,170
11/29/1976,220
11/30/1976,230
12/1/1976,230
12/2/1976,280
12/3/1976,290
12/4/1976,320
12/5/1976,350
12/6/1976,360
12/7/1976,370
12/8/1976,375
12/9/1976,375
12/10/1976,370
12/11/1976,355
12/12/1976,340
12/13/1976,325
12/14/1976,310
12/15/1976,300
12/16/1976,310
12/17/1976,310
12/18/1976,290
12/19/1976,280
12/20/1976,260
12/21/1976,250
12/22/1976,250
12/23/1976,260
12/24/1976,260
12/25/1976,260
12/26/1976,270
12/27/1976,275
12/28/1976,270
12/29/1976,250
12/30/1976,265
12/31/1976,270
1/1/1977,290
1/2/1977,345
1/3/1977,360
1/4/1977,360
1/5/1977,350
1/6/1977,350
1/7/1977,305
1/8/1977,300
1/9/1977,230
1/10/1977,220
1/11/1977,230
1/12/1977,280
1/13/1977,300
1/14/1977,300
1/15/1977,330
1/16/1977,360
1/17/1977,365
1/18/1977,365
1/19/1977,365
1/20/1977,360
1/21/1977,350
1/22/1977,350
1/23/1977,350
1/24/1977,350
1/25/1977,350
1/26/1977,340
1/27/1977,340
1/28/1977,340
1/29/1977,340
1/30/1977,340
1/31/1977,325
2/1/1977,270
2/2/1977,300
2/3/1977,330
2/4/1977,340
2/5/1977,340
2/6/1977,340
2/7/1977,340
2/8/1977,350
2/9/1977,350
2/10/1977,350
2/11/1977,350
2/12/1977,355
2/13/1977,360
2/14/1977,360
2/15/1977,360
2/16/1977,360
2/17/1977,360
2/18/1977,370
2/19/1977,370
2/20/1977,375
2/21/1977,380
2/22/1977,380
2/23/1977,380
2/24/1977,380
2/25/1977,380
2/26/1977,370
2/27/1977,370
2/28/1977,375
3/1/1977,380
3/2/1977,380
3/3/1977,380
3/4/1977,375
3/5/1977,370
3/6/1977,385
3/7/1977,400
3/8/1977,410
3/9/1977,440
3/10/1977,430
3/11/1977,425
3/12/1977,415
3/13/1977,390
3/14/1977,395
3/15/1977,410
3/16/1977,430
3/17/1977,405
3/18/1977,440
3/19/1977,420
3/20/1977,410
3/21/1977,415
3/22/1977,440
3/23/1977,460
3/24/1977,482
3/25/1977,495
3/26/1977,476
3/27/1977,423
3/28/1977,404
3/29/1977,395
3/30/1977,373
3/31/1977,347
4/1/1977,360
4/2/1977,363
4/3/1977,365
4/4/1977,347
4/5/1977,351
4/6/1977,360
4/7/1977,357
4/8/1977,378
4/9/1977,398
4/10/1977,422
4/11/1977,444
4/12/1977,479
4/13/1977,471
4/14/1977,442
4/15/1977,395
4/16/1977,396
4/17/1977,398
4/18/1977,401
4/19/1977,448
4/20/1977,492
4/21/1977,468
4/22/1977,417
4/23/1977,417
4/24/1977,466
4/25/1977,507
4/26/1977,554
4/27/1977,554
4/28/1977,554
4/29/1977,588
4/30/1977,541
5/1/1977,530
5/2/1977,566
5/3/1977,523
5/4/1977,538
5/5/1977,519
5/6/1977,430
5/7/1977,365
5/8/1977,372
5/9/1977,428
5/10/1977,560
5/11/1977,596
5/12/1977,499
5/13/1977,370
5/14/1977,355
5/15/1977,371
5/16/1977,466
5/17/1977,429
5/18/1977,381
5/19/1977,385
5/20/1977,333
5/21/1977,319
5/22/1977,308
5/23/1977,284
5/24/1977,261
5/25/1977,269
5/26/1977,292
5/27/1977,350
5/28/1977,388
5/29/1977,378
5/30/1977,370
5/31/1977,341
6/1/1977,359
6/2/1977,592
6/3/1977,635
6/4/1977,617
6/5/1977,587
6/6/1977,536
6/7/1977,500
6/8/1977,472
6/9/1977,450
6/10/1977,417
6/11/1977,395
6/12/1977,352
6/13/1977,311
6/14/1977,256
6/15/1977,232
6/16/1977,191
6/17/1977,163
6/18/1977,140
6/19/1977,151
6/20/1977,128
6/21/1977,126
6/22/1977,126
6/23/1977,136
6/24/1977,124
6/25/1977,98
6/26/1977,81
6/27/1977,71
6/28/1977,55
6/29/1977,39
6/30/1977,27
7/1/1977,18
7/2/1977,12
7/3/1977,11
7/4/1977,139
7/5/1977,258
7/6/1977,246
7/7/1977,170
7/8/1977,105
7/9/1977,92
7/10/1977,80
7/11/1977,53
7/12/1977,51
7/13/1977,41
7/14/1977,31
7/15/1977,30
7/16/1977,78
7/17/1977,90
7/18/1977,93
7/19/1977,76
7/20/1977,262
7/21/1977,139
7/22/1977,178
7/23/1977,147
7/24/1977,431
7/25/1977,546
7/26/1977,256
7/27/1977,238
7/28/1977,227
7/29/1977,197
7/30/1977,191
7/31/1977,203
8/1/1977,173
8/2/1977,148
8/3/1977,118
8/4/1977,107
8/5/1977,140
8/6/1977,160
8/7/1977,220
8/8/1977,206
8/9/1977,160
8/10/1977,163
8/11/1977,135
8/12/1977,115
8/13/1977,94
8/14/1977,84
8/15/1977,83
8/16/1977,92
8/17/1977,199
8/18/1977,291
8/19/1977,271
8/20/1977,263
8/21/1977,241
8/22/1977,227
8/23/1977,210
8/24/1977,213
8/25/1977,545
8/26/1977,358
8/27/1977,554
8/28/1977,525
8/29/1977,364
8/30/1977,318
8/31/1977,263
9/1/1977,248
9/2/1977,244
9/3/1977,230
9/4/1977,302
9/5/1977,310
9/6/1977,263
9/7/1977,220
9/8/1977,200
9/9/1977,190
9/10/1977,175
9/11/1977,240
9/12/1977,235
9/13/1977,221
9/14/1977,224
9/15/1977,289
9/16/1977,312
9/17/1977,259
9/18/1977,249
9/19/1977,231
9/20/1977,234
9/21/1977,236
9/22/1977,224
9/23/1977,221
9/24/1977,215
9/25/1977,225
9/26/1977,228
9/27/1977,221
9/28/1977,215
9/29/1977,205
9/30/1977,205
10/1/1977,187
10/2/1977,173
10/3/1977,189
10/4/1977,178
10/5/1977,169
10/6/1977,193
10/7/1977,427
10/8/1977,330
10/9/1977,290
10/10/1977,267
10/11/1977,252
10/12/1977,259
10/13/1977,259
10/14/1977,290
10/15/1977,278
10/16/1977,286
10/17/1977,302
10/18/1977,294
10/19/1977,286
10/20/1977,286
10/21/1977,298
10/22/1977,306
10/23/1977,322
10/24/1977,306
10/25/1977,298
10/26/1977,294
10/27/1977,294
10/28/1977,294
10/29/1977,290
10/30/1977,306
10/31/1977,326
11/1/1977,330
11/2/1977,318
11/3/1977,306
11/4/1977,318
11/5/1977,310
11/6/1977,310
11/7/1977,414
11/8/1977,356
11/9/1977,345
11/10/1977,302
11/11/1977,275
11/12/1977,290
11/13/1977,315
11/14/1977,310
11/15/1977,300
11/16/1977,305
11/17/1977,305
11/18/1977,305
11/19/1977,300
11/20/1977,275
11/21/1977,220
11/22/1977,125
11/23/1977,210
11/24/1977,356
11/25/1977,370
11/26/1977,380
11/27/1977,395
11/28/1977,375
11/29/1977,356
11/30/1977,342
12/1/1977,311
12/2/1977,328
12/3/1977,311
12/4/1977,315
12/5/1977,333
12/6/1977,328
12/7/1977,303
12/8/1977,259
12/9/1977,291
12/10/1977,295
12/11/1977,259
12/12/1977,305
12/13/1977,305
12/14/1977,305
12/15/1977,305
12/16/1977,305
12/17/1977,305
12/18/1977,303
12/19/1977,190
12/20/1977,190
12/21/1977,140
12/22/1977,100
12/23/1977,150
12/24/1977,170
12/25/1977,330
12/26/1977,320
12/27/1977,310
12/28/1977,310
12/29/1977,310
12/30/1977,325
12/31/1977,330
1/1/1978,320
1/2/1978,300
1/3/1978,261
1/4/1978,214
1/5/1978,236
1/6/1978,300
1/7/1978,330
1/8/1978,320
1/9/1978,300
1/10/1978,280
1/11/1978,290
1/12/1978,340
1/13/1978,340
1/14/1978,340
1/15/1978,280
1/16/1978,305
1/17/1978,305
1/18/1978,305
1/19/1978,305
1/20/1978,305
1/21/1978,305
1/22/1978,305
1/23/1978,305
1/24/1978,305
1/25/1978,305
1/26/1978,320
1/27/1978,320
1/28/1978,320
1/29/1978,300
1/30/1978,260
1/31/1978,320
2/1/1978,320
2/2/1978,320
2/3/1978,320
2/4/1978,320
2/5/1978,320
2/6/1978,310
2/7/1978,310
2/8/1978,310
2/9/1978,340
2/10/1978,330
2/11/1978,290
2/12/1978,320
2/13/1978,340
2/14/1978,340
2/15/1978,340
2/16/1978,320
2/17/1978,300
2/18/1978,280
2/19/1978,260
2/20/1978,220
2/21/1978,280
2/22/1978,290
2/23/1978,290
2/24/1978,280
2/25/1978,280
2/26/1978,301
2/27/1978,345
2/28/1978,362
3/1/1978,369
3/2/1978,361
3/3/1978,356
3/4/1978,349
3/5/1978,361
3/6/1978,384
3/7/1978,448
3/8/1978,456
3/9/1978,485
3/10/1978,487
3/11/1978,506
3/12/1978,435
3/13/1978,415
3/14/1978,404
3/15/1978,398
3/16/1978,372
3/17/1978,352
3/18/1978,361
3/19/1978,435
3/20/1978,507
3/21/1978,607
3/22/1978,576
3/23/1978,680
3/24/1978,761
3/25/1978,929
3/26/1978,552
3/27/1978,473
3/28/1978,462
3/29/1978,463
3/30/1978,475
3/31/1978,489
4/1/1978,547
4/2/1978,674
4/3/1978,739
4/4/1978,660
4/5/1978,598
4/6/1978,616
4/7/1978,576
4/8/1978,530
4/9/1978,556
4/10/1978,594
4/11/1978,582
4/12/1978,534
4/13/1978,544
4/14/1978,583
4/15/1978,588
4/16/1978,599
4/17/1978,614
4/18/1978,620
4/19/1978,581
4/20/1978,540
4/21/1978,531
4/22/1978,548
4/23/1978,558
4/24/1978,539
4/25/1978,519
4/26/1978,574
4/27/1978,648
4/28/1978,871
4/29/1978,884
4/30/1978,911
5/1/1978,901
5/2/1978,865
5/3/1978,814
5/4/1978,933
5/5/1978,1040
5/6/1978,1010
5/7/1978,933
5/8/1978,873
5/9/1978,829
5/10/1978,759
5/11/1978,782
5/12/1978,814
5/13/1978,803
5/14/1978,843
5/15/1978,1100
5/16/1978,1640
5/17/1978,2100
5/18/1978,2430
5/19/1978,1860
5/20/1978,1520
5/21/1978,1520
5/22/1978,1750
5/23/1978,1900
5/24/1978,2210
5/25/1978,2640
5/26/1978,2580
5/27/1978,2240
5/28/1978,2280
5/29/1978,2040
5/30/1978,1980
5/31/1978,2120
6/1/1978,2180
6/2/1978,1980
6/3/1978,2050
6/4/1978,2080
6/5/1978,2210
6/6/1978,2370
6/7/1978,2140
6/8/1978,2250
6/9/1978,2220
6/10/1978,2400
6/11/1978,2850
6/12/1978,3330
6/13/1978,3410
6/14/1978,3330
6/15/1978,3530
6/16/1978,3650
6/17/1978,3790
6/18/1978,3850
6/19/1978,3620
6/20/1978,3410
6/21/1978,3210
6/22/1978,2940
6/23/1978,2880
6/24/1978,3000
6/25/1978,3120
6/26/1978,3300
6/27/1978,3110
6/28/1978,2690
6/29/1978,2600
6/30/1978,2510
7/1/1978,2340
7/2/1978,2220
7/3/1978,2020
7/4/1978,1880
7/5/1978,1700
7/6/1978,1510
7/7/1978,1370
7/8/1978,1280
7/9/1978,1180
7/10/1978,1080
7/11/1978,1060
7/12/1978,1140
7/13/1978,1070
7/14/1978,978
7/15/1978,911
7/16/1978,851
7/17/1978,830
7/18/1978,888
7/19/1978,965
7/20/1978,865
7/21/1978,809
7/22/1978,756
7/23/1978,700
7/24/1978,660
7/25/1978,650
7/26/1978,600
7/27/1978,550
7/28/1978,500
7/29/1978,480
7/30/1978,470
7/31/1978,460
8/1/1978,450
8/2/1978,460
8/3/1978,450
8/4/1978,430
8/5/1978,410
8/6/1978,410
8/7/1978,400
8/8/1978,390
8/9/1978,380
8/10/1978,370
8/11/1978,370
8/12/1978,370
8/13/1978,392
8/14/1978,452
8/15/1978,449
8/16/1978,522
8/17/1978,465
8/18/1978,424
8/19/1978,415
8/20/1978,440
8/21/1978,434
8/22/1978,415
8/23/1978,389
8/24/1978,363
8/25/1978,343
8/26/1978,351
8/27/1978,335
8/28/1978,324
8/29/1978,325
8/30/1978,307
8/31/1978,265
9/1/1978,252
9/2/1978,255
9/3/1978,257
9/4/1978,252
9/5/1978,236
9/6/1978,215
9/7/1978,198
9/8/1978,1630
9/9/1978,585
9/10/1978,419
9/11/1978,355
9/12/1978,345
9/13/1978,383
9/14/1978,360
9/15/1978,343
9/16/1978,356
9/17/1978,357
9/18/1978,369
9/19/1978,408
9/20/1978,439
9/21/1978,430
9/22/1978,425
9/23/1978,411
9/24/1978,403
9/25/1978,386
9/26/1978,387
9/27/1978,385
9/28/1978,368
9/29/1978,375
9/30/1978,371
10/1/1978,376
10/2/1978,375
10/3/1978,369
10/4/1978,366
10/5/1978,360
10/6/1978,358
10/7/1978,359
10/8/1978,368
10/9/1978,362
10/10/1978,366
10/11/1978,366
10/12/1978,365
10/13/1978,362
10/14/1978,360
10/15/1978,361
10/16/1978,370
10/17/1978,373
10/18/1978,380
10/19/1978,383
10/20/1978,374
10/21/1978,427
10/22/1978,434
10/23/1978,416
10/24/1978,428
10/25/1978,415
10/26/1978,400
10/27/1978,400
10/28/1978,390
10/29/1978,395
10/30/1978,390
10/31/1978,385
11/1/1978,380
11/2/1978,385
11/3/1978,380
11/4/1978,375
11/5/1978,380
11/6/1978,375
11/7/1978,370
11/8/1978,370
11/9/1978,375
11/10/1978,390
11/11/1978,380
11/12/1978,420
11/13/1978,500
11/14/1978,460
11/15/1978,410
11/16/1978,395
11/17/1978,380
11/18/1978,375
11/19/1978,370
11/20/1978,400
11/21/1978,410
11/22/1978,425
11/23/1978,450
11/24/1978,400
11/25/1978,420
11/26/1978,430
11/27/1978,420
11/28/1978,420
11/29/1978,350
11/30/1978,400
12/1/1978,500
12/2/1978,300
12/3/1978,170
12/4/1978,220
12/5/1978,280
12/6/1978,380
12/7/1978,480
12/8/1978,400
12/9/1978,310
12/10/1978,340
12/11/1978,390
12/12/1978,400
12/13/1978,420
12/14/1978,390
12/15/1978,370
12/16/1978,410
12/17/1978,370
12/18/1978,410
12/19/1978,460
12/20/1978,380
12/21/1978,360
12/22/1978,450
12/23/1978,400
12/24/1978,380
12/25/1978,420
12/26/1978,380
12/27/1978,380
12/28/1978,390
12/29/1978,380
12/30/1978,360
12/31/1978,380
1/1/1979,350
1/2/1979,330
1/3/1979,320
1/4/1979,340
1/5/1979,340
1/6/1979,350
1/7/1979,330
1/8/1979,320
1/9/1979,310
1/10/1979,310
1/11/1979,310
1/12/1979,310
1/13/1979,320
1/14/1979,320
1/15/1979,300
1/16/1979,290
1/17/1979,280
1/18/1979,290
1/19/1979,300
1/20/1979,300
1/21/1979,300
1/22/1979,310
1/23/1979,310
1/24/1979,310
1/25/1979,300
1/26/1979,300
1/27/1979,300
1/28/1979,280
1/29/1979,270
1/30/1979,270
1/31/1979,270
2/1/1979,270
2/2/1979,270
2/3/1979,270
2/4/1979,270
2/5/1979,270
2/6/1979,270
2/7/1979,270
2/8/1979,270
2/9/1979,270
2/10/1979,270
2/11/1979,285
2/12/1979,285
2/13/1979,285
2/14/1979,285
2/15/1979,285
2/16/1979,295
2/17/1979,295
2/18/1979,295
2/19/1979,295
2/20/1979,295
2/21/1979,300
2/22/1979,320
2/23/1979,300
2/24/1979,290
2/25/1979,290
2/26/1979,290
2/27/1979,290
2/28/1979,290
3/1/1979,300
3/2/1979,300
3/3/1979,310
3/4/1979,320
3/5/1979,320
3/6/1979,330
3/7/1979,340
3/8/1979,340
3/9/1979,340
3/10/1979,340
3/11/1979,350
3/12/1979,350
3/13/1979,350
3/14/1979,350
3/15/1979,350
3/16/1979,365
3/17/1979,370
3/18/1979,385
3/19/1979,400
3/20/1979,420
3/21/1979,450
3/22/1979,480
3/23/1979,510
3/24/1979,580
3/25/1979,700
3/26/1979,750
3/27/1979,782
3/28/1979,1010
3/29/1979,1600
3/30/1979,1050
3/31/1979,976
4/1/1979,852
4/2/1979,637
4/3/1979,543
4/4/1979,491
4/5/1979,484
4/6/1979,613
4/7/1979,760
4/8/1979,764
4/9/1979,668
4/10/1979,665
4/11/1979,756
4/12/1979,683
4/13/1979,711
4/14/1979,733
4/15/1979,789
4/16/1979,747
4/17/1979,766
4/18/1979,837
4/19/1979,846
4/20/1979,834
4/21/1979,767
4/22/1979,731
4/23/1979,728
4/24/1979,787
4/25/1979,860
4/26/1979,851
4/27/1979,796
4/28/1979,769
4/29/1979,811
4/30/1979,818
5/1/1979,828
5/2/1979,884
5/3/1979,1050
5/4/1979,1030
5/5/1979,907
5/6/1979,879
5/7/1979,973
5/8/1979,1090
5/9/1979,1170
5/10/1979,1100
5/11/1979,1010
5/12/1979,932
5/13/1979,893
5/14/1979,881
5/15/1979,952
5/16/1979,1080
5/17/1979,1260
5/18/1979,1430
5/19/1979,1720
5/20/1979,2090
5/21/1979,2320
5/22/1979,2550
5/23/1979,2730
5/24/1979,2850
5/25/1979,3160
5/26/1979,3490
5/27/1979,3530
5/28/1979,3770
5/29/1979,3960
5/30/1979,4230
5/31/1979,3930
6/1/1979,3270
6/2/1979,2720
6/3/1979,2510
6/4/1979,2520
6/5/1979,2540
6/6/1979,2610
6/7/1979,2830
6/8/1979,3120
6/9/1979,3060
6/10/1979,2470
6/11/1979,2070
6/12/1979,1960
6/13/1979,2080
6/14/1979,2410
6/15/1979,2940
6/16/1979,3390
6/17/1979,3490
6/18/1979,3290
6/19/1979,2940
6/20/1979,2520
6/21/1979,2080
6/22/1979,1910
6/23/1979,1970
6/24/1979,2060
6/25/1979,2110
6/26/1979,2140
6/27/1979,2120
6/28/1979,2170
6/29/1979,2170
6/30/1979,2020
7/1/1979,1960
7/2/1979,2030
7/3/1979,1960
7/4/1979,1820
7/5/1979,1640
7/6/1979,1480
7/7/1979,1380
7/8/1979,1290
7/9/1979,1200
7/10/1979,1100
7/11/1979,1020
7/12/1979,959
7/13/1979,900
7/14/1979,820
7/15/1979,750
7/16/1979,730
7/17/1979,700
7/18/1979,700
7/19/1979,670
7/20/1979,673
7/21/1979,639
7/22/1979,639
7/23/1979,697
7/24/1979,667
7/25/1979,633
7/26/1979,573
7/27/1979,541
7/28/1979,533
7/29/1979,548
7/30/1979,508
7/31/1979,477
8/1/1979,459
8/2/1979,437
8/3/1979,444
8/4/1979,424
8/5/1979,390
8/6/1979,393
8/7/1979,398
8/8/1979,378
8/9/1979,391
8/10/1979,402
8/11/1979,418
8/12/1979,434
8/13/1979,404
8/14/1979,420
8/15/1979,424
8/16/1979,456
8/17/1979,507
8/18/1979,546
8/19/1979,547
8/20/1979,552
8/21/1979,604
8/22/1979,616
8/23/1979,547
8/24/1979,522
8/25/1979,507
8/26/1979,486
8/27/1979,470
8/28/1979,498
8/29/1979,462
8/30/1979,461
8/31/1979,436
9/1/1979,455
9/2/1979,427
9/3/1979,416
9/4/1979,396
9/5/1979,379
9/6/1979,362
9/7/1979,350
9/8/1979,323
9/9/1979,315
9/10/1979,308
9/11/1979,288
9/12/1979,314
9/13/1979,314
9/14/1979,309
9/15/1979,307
9/16/1979,321
9/17/1979,311
9/18/1979,312
9/19/1979,285
9/20/1979,267
9/21/1979,253
9/22/1979,255
9/23/1979,257
9/24/1979,258
9/25/1979,250
9/26/1979,290
9/27/1979,325
9/28/1979,278
9/29/1979,272
9/30/1979,288
10/1/1979,281
10/2/1979,282
10/3/1979,281
10/4/1979,295
10/5/1979,303
10/6/1979,319
10/7/1979,336
10/8/1979,343
10/9/1979,324
10/10/1979,326
10/11/1979,338
10/12/1979,338
10/13/1979,352
10/14/1979,360
10/15/1979,392
10/16/1979,393
10/17/1979,371
10/18/1979,380
10/19/1979,389
10/20/1979,438
10/21/1979,489
10/22/1979,546
10/23/1979,523
10/24/1979,489
10/25/1979,496
10/26/1979,503
10/27/1979,496
10/28/1979,485
10/29/1979,488
10/30/1979,496
10/31/1979,492
11/1/1979,456
11/2/1979,419
11/3/1979,431
11/4/1979,451
11/5/1979,459
11/6/1979,461
11/7/1979,451
11/8/1979,448
11/9/1979,459
11/10/1979,453
11/11/1979,453
11/12/1979,443
11/13/1979,433
11/14/1979,406
11/15/1979,406
11/16/1979,415
11/17/1979,430
11/18/1979,435
11/19/1979,438
11/20/1979,456
11/21/1979,431
11/22/1979,459
11/23/1979,352
11/24/1979,310
11/25/1979,403
11/26/1979,504
11/27/1979,473
11/28/1979,420
11/29/1979,324
11/30/1979,274
12/1/1979,190
12/2/1979,224
12/3/1979,283
12/4/1979,420
12/5/1979,430
12/6/1979,430
12/7/1979,430
12/8/1979,420
12/9/1979,370
12/10/1979,350
12/11/1979,350
12/12/1979,350
12/13/1979,360
12/14/1979,350
12/15/1979,350
12/16/1979,360
12/17/1979,360
12/18/1979,370
12/19/1979,370
12/20/1979,370
12/21/1979,370
12/22/1979,360
12/23/1979,360
12/24/1979,350
12/25/1979,340
12/26/1979,330
12/27/1979,310
12/28/1979,380
12/29/1979,380
12/30/1979,360
12/31/1979,350
1/1/1980,350
1/2/1980,340
1/3/1980,330
1/4/1980,330
1/5/1980,320
1/6/1980,360
1/7/1980,370
1/8/1980,370
1/9/1980,380
1/10/1980,380
1/11/1980,310
1/12/1980,340
1/13/1980,380
1/14/1980,380
1/15/1980,370
1/16/1980,370
1/17/1980,370
1/18/1980,360
1/19/1980,360
1/20/1980,350
1/21/1980,350
1/22/1980,340
1/23/1980,330
1/24/1980,330
1/25/1980,330
1/26/1980,330
1/27/1980,330
1/28/1980,330
1/29/1980,320
1/30/1980,320
1/31/1980,320
2/1/1980,330
2/2/1980,360
2/3/1980,380
2/4/1980,400
2/5/1980,390
2/6/1980,380
2/7/1980,370
2/8/1980,360
2/9/1980,360
2/10/1980,380
2/11/1980,420
2/12/1980,470
2/13/1980,500
2/14/1980,600
2/15/1980,698
2/16/1980,734
2/17/1980,893
2/18/1980,960
2/19/1980,1100
2/20/1980,1300
2/21/1980,1220
2/22/1980,892
2/23/1980,659
2/24/1980,547
2/25/1980,490
2/26/1980,481
2/27/1980,486
2/28/1980,564
2/29/1980,676
3/1/1980,666
3/2/1980,564
3/3/1980,556
3/4/1980,490
3/5/1980,573
3/6/1980,614
3/7/1980,569
3/8/1980,591
3/9/1980,623
3/10/1980,490
3/11/1980,481
3/12/1980,473
3/13/1980,473
3/14/1980,438
3/15/1980,518
3/16/1980,562
3/17/1980,490
3/18/1980,421
3/19/1980,414
3/20/1980,471
3/21/1980,475
3/22/1980,513
3/23/1980,565
3/24/1980,504
3/25/1980,490
3/26/1980,504
3/27/1980,484
3/28/1980,444
3/29/1980,428
3/30/1980,414
3/31/1980,413
4/1/1980,413
4/2/1980,403
4/3/1980,424
4/4/1980,418
4/5/1980,415
4/6/1980,448
4/7/1980,487
4/8/1980,461
4/9/1980,413
4/10/1980,419
4/11/1980,476
4/12/1980,445
4/13/1980,424
4/14/1980,411
4/15/1980,438
4/16/1980,491
4/17/1980,527
4/18/1980,553
4/19/1980,582
4/20/1980,655
4/21/1980,724
4/22/1980,818
4/23/1980,951
4/24/1980,973
4/25/1980,963
4/26/1980,909
4/27/1980,925
4/28/1980,916
4/29/1980,969
4/30/1980,1080
5/1/1980,1170
5/2/1980,1120
5/3/1980,1020
5/4/1980,1010
5/5/1980,1080
5/6/1980,1140
5/7/1980,1380
5/8/1980,1550
5/9/1980,1590
5/10/1980,1680
5/11/1980,1700
5/12/1980,1990
5/13/1980,2000
5/14/1980,1730
5/15/1980,1590
5/16/1980,1540
5/17/1980,1760
5/18/1980,1870
5/19/1980,1680
5/20/1980,1680
5/21/1980,1880
5/22/1980,2180
5/23/1980,2610
5/24/1980,3030
5/25/1980,3110
5/26/1980,2230
5/27/1980,2340
5/28/1980,2340
5/29/1980,2530
5/30/1980,2640
5/31/1980,2410
6/1/1980,2460
6/2/1980,2410
6/3/1980,2290
6/4/1980,2250
6/5/1980,2330
6/6/1980,2510
6/7/1980,2600
6/8/1980,2650
6/9/1980,2710
6/10/1980,2670
6/11/1980,2700
6/12/1980,2820
6/13/1980,2960
6/14/1980,2980
6/15/1980,2810
6/16/1980,2590
6/17/1980,2340
6/18/1980,2190
6/19/1980,2080
6/20/1980,2070
6/21/1980,1910
6/22/1980,1850
6/23/1980,1790
6/24/1980,1710
6/25/1980,1600
6/26/1980,1520
6/27/1980,1430
6/28/1980,1320
6/29/1980,1200
6/30/1980,1120
7/1/1980,1070
7/2/1980,1170
7/3/1980,1440
7/4/1980,1320
7/5/1980,1100
7/6/1980,981
7/7/1980,895
7/8/1980,836
7/9/1980,788
7/10/1980,718
7/11/1980,690
7/12/1980,672
7/13/1980,623
7/14/1980,627
7/15/1980,670
7/16/1980,614
7/17/1980,563
7/18/1980,541
7/19/1980,521
7/20/1980,497
7/21/1980,490
7/22/1980,464
7/23/1980,405
7/24/1980,383
7/25/1980,406
7/26/1980,412
7/27/1980,405
7/28/1980,372
7/29/1980,364
7/30/1980,338
7/31/1980,341
8/1/1980,354
8/2/1980,332
8/3/1980,331
8/4/1980,324
8/5/1980,326
8/6/1980,317
8/7/1980,304
8/8/1980,293
8/9/1980,270
8/10/1980,297
8/11/1980,314
8/12/1980,270
8/13/1980,246
8/14/1980,234
8/15/1980,281
8/16/1980,395
8/17/1980,420
8/18/1980,429
8/19/1980,415
8/20/1980,376
8/21/1980,368
8/22/1980,311
8/23/1980,285
8/24/1980,391
8/25/1980,806
8/26/1980,648
8/27/1980,456
8/28/1980,392
8/29/1980,376
8/30/1980,356
8/31/1980,341
9/1/1980,345
9/2/1980,362
9/3/1980,357
9/4/1980,337
9/5/1980,347
9/6/1980,342
9/7/1980,347
9/8/1980,327
9/9/1980,359
9/10/1980,424
9/11/1980,516
9/12/1980,426
9/13/1980,404
9/14/1980,430
9/15/1980,403
9/16/1980,403
9/17/1980,413
9/18/1980,409
9/19/1980,398
9/20/1980,389
9/21/1980,386
9/22/1980,405
9/23/1980,395
9/24/1980,402
9/25/1980,376
9/26/1980,373
9/27/1980,362
9/28/1980,363
9/29/1980,363
9/30/1980,352
10/1/1980,346
10/2/1980,339
10/3/1980,322
10/4/1980,305
10/5/1980,288
10/6/1980,280
10/7/1980,271
10/8/1980,271
10/9/1980,276
10/10/1980,269
10/11/1980,276
10/12/1980,285
10/13/1980,314
10/14/1980,388
10/15/1980,606
10/16/1980,605
10/17/1980,499
10/18/1980,522
10/19/1980,522
10/20/1980,498
10/21/1980,487
10/22/1980,479
10/23/1980,459
10/24/1980,457
10/25/1980,444
10/26/1980,431
10/27/1980,447
10/28/1980,461
10/29/1980,450
10/30/1980,438
10/31/1980,440
11/1/1980,446
11/2/1980,440
11/3/1980,433
11/4/1980,431
11/5/1980,427
11/6/1980,428
11/7/1980,424
11/8/1980,419
11/9/1980,415
11/10/1980,411
11/11/1980,402
11/12/1980,402
11/13/1980,414
11/14/1980,456
11/15/1980,455
11/16/1980,388
11/17/1980,351
11/18/1980,390
11/19/1980,364
11/20/1980,376
11/21/1980,370
11/22/1980,390
11/23/1980,403
11/24/1980,409
11/25/1980,401
11/26/1980,370
11/27/1980,380
11/28/1980,370
11/29/1980,350
11/30/1980,370
12/1/1980,410
12/2/1980,462
12/3/1980,395
12/4/1980,373
12/5/1980,378
12/6/1980,394
12/7/1980,386
12/8/1980,360
12/9/1980,340
12/10/1980,310
12/11/1980,350
12/12/1980,353
12/13/1980,380
12/14/1980,414
12/15/1980,366
12/16/1980,392
12/17/1980,410
12/18/1980,420
12/19/1980,420
12/20/1980,420
12/21/1980,400
12/22/1980,410
12/23/1980,380
12/24/1980,390
12/25/1980,410
12/26/1980,393
12/27/1980,397
12/28/1980,397
12/29/1980,389
12/30/1980,385
12/31/1980,368
1/1/1981,365
1/2/1981,370
1/3/1981,385
1/4/1981,393
1/5/1981,381
1/6/1981,395
1/7/1981,388
1/8/1981,320
1/9/1981,320
1/10/1981,320
1/11/1981,320
1/12/1981,320
1/13/1981,318
1/14/1981,333
1/15/1981,323
1/16/1981,343
1/17/1981,391
1/18/1981,442
1/19/1981,452
1/20/1981,436
1/21/1981,461
1/22/1981,445
1/23/1981,411
1/24/1981,411
1/25/1981,414
1/26/1981,444
1/27/1981,388
1/28/1981,332
1/29/1981,413
1/30/1981,403
1/31/1981,432
2/1/1981,373
2/2/1981,350
2/3/1981,305
2/4/1981,232
2/5/1981,280
2/6/1981,317
2/7/1981,334
2/8/1981,360
2/9/1981,342
2/10/1981,411
2/11/1981,329
2/12/1981,230
2/13/1981,257
2/14/1981,472
2/15/1981,451
2/16/1981,488
2/17/1981,502
2/18/1981,485
2/19/1981,462
2/20/1981,457
2/21/1981,441
2/22/1981,456
2/23/1981,425
2/24/1981,423
2/25/1981,426
2/26/1981,429
2/27/1981,410
2/28/1981,371
3/1/1981,355
3/2/1981,352
3/3/1981,352
3/4/1981,354
3/5/1981,341
3/6/1981,339
3/7/1981,348
3/8/1981,366
3/9/1981,350
3/10/1981,345
3/11/1981,333
3/12/1981,333
3/13/1981,330
3/14/1981,336
3/15/1981,325
3/16/1981,324
3/17/1981,333
3/18/1981,357
3/19/1981,391
3/20/1981,350
3/21/1981,340
3/22/1981,350
3/23/1981,350
3/24/1981,350
3/25/1981,398
3/26/1981,412
3/27/1981,417
3/28/1981,414
3/29/1981,388
3/30/1981,414
3/31/1981,488
4/1/1981,516
4/2/1981,512
4/3/1981,515
4/4/1981,448
4/5/1981,444
4/6/1981,393
4/7/1981,397
4/8/1981,406
4/9/1981,410
4/10/1981,385
4/11/1981,402
4/12/1981,486
4/13/1981,516
4/14/1981,516
4/15/1981,520
4/16/1981,570
4/17/1981,583
4/18/1981,626
4/19/1981,663
4/20/1981,714
4/21/1981,822
4/22/1981,717
4/23/1981,694
4/24/1981,653
4/25/1981,671
4/26/1981,757
4/27/1981,882
4/28/1981,951
4/29/1981,929
4/30/1981,938
5/1/1981,972
5/2/1981,993
5/3/1981,1010
5/4/1981,1390
5/5/1981,1260
5/6/1981,1060
5/7/1981,999
5/8/1981,922
5/9/1981,789
5/10/1981,736
5/11/1981,666
5/12/1981,623
5/13/1981,614
5/14/1981,569
5/15/1981,503
5/16/1981,460
5/17/1981,481
5/18/1981,551
5/19/1981,569
5/20/1981,477
5/21/1981,486
5/22/1981,538
5/23/1981,560
5/24/1981,628
5/25/1981,605
5/26/1981,662
5/27/1981,774
5/28/1981,899
5/29/1981,1160
5/30/1981,1380
5/31/1981,1400
6/1/1981,1530
6/2/1981,1550
6/3/1981,1520
6/4/1981,1620
6/5/1981,1640
6/6/1981,1560
6/7/1981,1560
6/8/1981,1630
6/9/1981,1740
6/10/1981,1670
6/11/1981,1570
6/12/1981,1360
6/13/1981,1140
6/14/1981,954
6/15/1981,819
6/16/1981,743
6/17/1981,641
6/18/1981,558
6/19/1981,492
6/20/1981,470
6/21/1981,411
6/22/1981,370
6/23/1981,343
6/24/1981,321
6/25/1981,293
6/26/1981,265
6/27/1981,278
6/28/1981,267
6/29/1981,364
6/30/1981,460
7/1/1981,385
7/2/1981,360
7/3/1981,443
7/4/1981,481
7/5/1981,469
7/6/1981,423
7/7/1981,381
7/8/1981,347
7/9/1981,318
7/10/1981,252
7/11/1981,306
7/12/1981,435
7/13/1981,481
7/14/1981,527
7/15/1981,477
7/16/1981,387
7/17/1981,347
7/18/1981,348
7/19/1981,390
7/20/1981,399
7/21/1981,344
7/22/1981,313
7/23/1981,262
7/24/1981,278
7/25/1981,334
7/26/1981,368
7/27/1981,467
7/28/1981,374
7/29/1981,339
7/30/1981,297
7/31/1981,282
8/1/1981,282
8/2/1981,263
8/3/1981,222
8/4/1981,191
8/5/1981,177
8/6/1981,171
8/7/1981,158
8/8/1981,148
8/9/1981,146
8/10/1981,142
8/11/1981,153
8/12/1981,173
8/13/1981,263
8/14/1981,318
8/15/1981,301
8/16/1981,340
8/17/1981,321
8/18/1981,307
8/19/1981,279
8/20/1981,259
8/21/1981,244
8/22/1981,260
8/23/1981,265
8/24/1981,243
8/25/1981,201
8/26/1981,204
8/27/1981,208
8/28/1981,186
8/29/1981,205
8/30/1981,341
8/31/1981,380
9/1/1981,244
9/2/1981,243
9/3/1981,233
9/4/1981,224
9/5/1981,240
9/6/1981,334
9/7/1981,294
9/8/1981,378
9/9/1981,324
9/10/1981,361
9/11/1981,364
9/12/1981,479
9/13/1981,377
9/14/1981,396
9/15/1981,360
9/16/1981,351
9/17/1981,344
9/18/1981,326
9/19/1981,319
9/20/1981,340
9/21/1981,337
9/22/1981,336
9/23/1981,341
9/24/1981,309
9/25/1981,291
9/26/1981,300
9/27/1981,291
9/28/1981,287
9/29/1981,278
9/30/1981,288
10/1/1981,293
10/2/1981,302
10/3/1981,305
10/4/1981,509
10/5/1981,1610
10/6/1981,647
10/7/1981,464
10/8/1981,410
10/9/1981,502
10/10/1981,474
10/11/1981,736
10/12/1981,1340
10/13/1981,871
10/14/1981,560
10/15/1981,584
10/16/1981,833
10/17/1981,712
10/18/1981,548
10/19/1981,481
10/20/1981,452
10/21/1981,430
10/22/1981,418
10/23/1981,410
10/24/1981,397
10/25/1981,389
10/26/1981,408
10/27/1981,394
10/28/1981,390
10/29/1981,395
10/30/1981,428
10/31/1981,520
11/1/1981,458
11/2/1981,425
11/3/1981,423
11/4/1981,431
11/5/1981,434
11/6/1981,432
11/7/1981,428
11/8/1981,419
11/9/1981,427
11/10/1981,410
11/11/1981,397
11/12/1981,390
11/13/1981,391
11/14/1981,399
11/15/1981,400
11/16/1981,393
11/17/1981,390
11/18/1981,394
11/19/1981,403
11/20/1981,405
11/21/1981,383
11/22/1981,380
11/23/1981,408
11/24/1981,411
11/25/1981,415
11/26/1981,415
11/27/1981,390
11/28/1981,400
11/29/1981,375
11/30/1981,350
12/1/1981,300
12/2/1981,170
12/3/1981,210
12/4/1981,190
12/5/1981,390
12/6/1981,400
12/7/1981,450
12/8/1981,430
12/9/1981,410
12/10/1981,450
12/11/1981,450
12/12/1981,470
12/13/1981,460
12/14/1981,460
12/15/1981,440
12/16/1981,400
12/17/1981,380
12/18/1981,350
12/19/1981,360
12/20/1981,330
12/21/1981,360
12/22/1981,360
12/23/1981,350
12/24/1981,330
12/25/1981,210
12/26/1981,300
12/27/1981,390
12/28/1981,370
12/29/1981,360
12/30/1981,350
12/31/1981,350
1/1/1982,350
1/2/1982,340
1/3/1982,180
1/4/1982,200
1/5/1982,220
1/6/1982,220
1/7/1982,210
1/8/1982,210
1/9/1982,260
1/10/1982,270
1/11/1982,200
1/12/1982,160
1/13/1982,300
1/14/1982,400
1/15/1982,410
1/16/1982,420
1/17/1982,440
1/18/1982,450
1/19/1982,460
1/20/1982,460
1/21/1982,440
1/22/1982,420
1/23/1982,400
1/24/1982,420
1/25/1982,450
1/26/1982,470
1/27/1982,460
1/28/1982,440
1/29/1982,430
1/30/1982,400
1/31/1982,400
2/1/1982,400
2/2/1982,400
2/3/1982,400
2/4/1982,390
2/5/1982,340
2/6/1982,300
2/7/1982,250
2/8/1982,240
2/9/1982,240
2/10/1982,360
2/11/1982,420
2/12/1982,420
2/13/1982,470
2/14/1982,410
2/15/1982,450
2/16/1982,520
2/17/1982,620
2/18/1982,640
2/19/1982,750
2/20/1982,850
2/21/1982,740
2/22/1982,900
2/23/1982,950
2/24/1982,960
2/25/1982,1000
2/26/1982,950
2/27/1982,950
2/28/1982,970
3/1/1982,1000
3/2/1982,1100
3/3/1982,1250
3/4/1982,1000
3/5/1982,711
3/6/1982,588
3/7/1982,475
3/8/1982,473
3/9/1982,449
3/10/1982,504
3/11/1982,471
3/12/1982,520
3/13/1982,555
3/14/1982,493
3/15/1982,474
3/16/1982,469
3/17/1982,471
3/18/1982,464
3/19/1982,464
3/20/1982,436
3/21/1982,418
3/22/1982,397
3/23/1982,367
3/24/1982,379
3/25/1982,374
3/26/1982,375
3/27/1982,395
3/28/1982,415
3/29/1982,416
3/30/1982,424
3/31/1982,427
4/1/1982,388
4/2/1982,436
4/3/1982,444
4/4/1982,446
4/5/1982,417
4/6/1982,428
4/7/1982,430
4/8/1982,430
4/9/1982,413
4/10/1982,405
4/11/1982,414
4/12/1982,419
4/13/1982,474
4/14/1982,567
4/15/1982,560
4/16/1982,607
4/17/1982,639
4/18/1982,620
4/19/1982,629
4/20/1982,632
4/21/1982,623
4/22/1982,614
4/23/1982,619
4/24/1982,628
4/25/1982,650
4/26/1982,700
4/27/1982,760
4/28/1982,820
4/29/1982,800
4/30/1982,838
5/1/1982,882
5/2/1982,1010
5/3/1982,1290
5/4/1982,1460
5/5/1982,1760
5/6/1982,1650
5/7/1982,1450
5/8/1982,1350
5/9/1982,1330
5/10/1982,1410
5/11/1982,1500
5/12/1982,1450
5/13/1982,1480
5/14/1982,1510
5/15/1982,1360
5/16/1982,1260
5/17/1982,1200
5/18/1982,1190
5/19/1982,1260
5/20/1982,1410
5/21/1982,1480
5/22/1982,1470
5/23/1982,1660
5/24/1982,1870
5/25/1982,2120
5/26/1982,2060
5/27/1982,2210
5/28/1982,2440
5/29/1982,2560
5/30/1982,2400
5/31/1982,2420
6/1/1982,2280
6/2/1982,2170
6/3/1982,2110
6/4/1982,2050
6/5/1982,1920
6/6/1982,1990
6/7/1982,2080
6/8/1982,1990
6/9/1982,2060
6/10/1982,2150
6/11/1982,2160
6/12/1982,2010
6/13/1982,2090
6/14/1982,2150
6/15/1982,2170
6/16/1982,2160
6/17/1982,2030
6/18/1982,2150
6/19/1982,2270
6/20/1982,2210
6/21/1982,2190
6/22/1982,2200
6/23/1982,2210
6/24/1982,2160
6/25/1982,2110
6/26/1982,2120
6/27/1982,2080
6/28/1982,2020
6/29/1982,2050
6/30/1982,2130
7/1/1982,2170
7/2/1982,2200
7/3/1982,2140
7/4/1982,1930
7/5/1982,1790
7/6/1982,1710
7/7/1982,1630
7/8/1982,1460
7/9/1982,1340
7/10/1982,1380
7/11/1982,1340
7/12/1982,1210
7/13/1982,1150
7/14/1982,1060
7/15/1982,1060
7/16/1982,992
7/17/1982,926
7/18/1982,868
7/19/1982,847
7/20/1982,810
7/21/1982,764
7/22/1982,738
7/23/1982,712
7/24/1982,716
7/25/1982,676
7/26/1982,716
7/27/1982,706
7/28/1982,726
7/29/1982,1050
7/30/1982,908
7/31/1982,748
8/1/1982,664
8/2/1982,624
8/3/1982,672
8/4/1982,745
8/5/1982,686
8/6/1982,631
8/7/1982,577
8/8/1982,562
8/9/1982,727
8/10/1982,606
8/11/1982,584
8/12/1982,928
8/13/1982,679
8/14/1982,763
8/15/1982,732
8/16/1982,641
8/17/1982,587
8/18/1982,572
8/19/1982,656
8/20/1982,595
8/21/1982,563
8/22/1982,558
8/23/1982,731
8/24/1982,516
8/25/1982,507
8/26/1982,486
8/27/1982,495
8/28/1982,480
8/29/1982,510
8/30/1982,488
8/31/1982,465
9/1/1982,459
9/2/1982,432
9/3/1982,414
9/4/1982,393
9/5/1982,428
9/6/1982,598
9/7/1982,563
9/8/1982,461
9/9/1982,443
9/10/1982,633
9/11/1982,568
9/12/1982,778
9/13/1982,735
9/14/1982,969
9/15/1982,732
9/16/1982,647
9/17/1982,636
9/18/1982,607
9/19/1982,583
9/20/1982,594
9/21/1982,571
9/22/1982,546
9/23/1982,522
9/24/1982,519
9/25/1982,517
9/26/1982,540
9/27/1982,700
9/28/1982,1000
9/29/1982,1100
9/30/1982,1000
10/1/1982,720
10/2/1982,600
10/3/1982,620
10/4/1982,620
10/5/1982,575
10/6/1982,654
10/7/1982,630
10/8/1982,620
10/9/1982,590
10/10/1982,590
10/11/1982,580
10/12/1982,570
10/13/1982,560
10/14/1982,560
10/15/1982,550
10/16/1982,550
10/17/1982,540
10/18/1982,540
10/19/1982,520
10/20/1982,510
10/21/1982,500
10/22/1982,500
10/23/1982,500
10/24/1982,500
10/25/1982,510
10/26/1982,550
10/27/1982,580
10/28/1982,570
10/29/1982,615
10/30/1982,574
10/31/1982,595
11/1/1982,644
11/2/1982,663
11/3/1982,606
11/4/1982,570
11/5/1982,551
11/6/1982,534
11/7/1982,542
11/8/1982,538
11/9/1982,554
11/10/1982,546
11/11/1982,580
11/12/1982,590
11/13/1982,550
11/14/1982,510
11/15/1982,470
11/16/1982,460
11/17/1982,490
11/18/1982,530
11/19/1982,560
11/20/1982,560
11/21/1982,560
11/22/1982,540
11/23/1982,500
11/24/1982,490
11/25/1982,480
11/26/1982,470
11/27/1982,500
11/28/1982,500
11/29/1982,500
11/30/1982,510
12/1/1982,528
12/2/1982,520
12/3/1982,500
12/4/1982,480
12/5/1982,450
12/6/1982,430
12/7/1982,420
12/8/1982,420
12/9/1982,410
12/10/1982,410
12/11/1982,440
12/12/1982,450
12/13/1982,360
12/14/1982,320
12/15/1982,300
12/16/1982,300
12/17/1982,300
12/18/1982,300
12/19/1982,320
12/20/1982,340
12/21/1982,360
12/22/1982,380
12/23/1982,360
12/24/1982,310
12/25/1982,300
12/26/1982,290
12/27/1982,290
12/28/1982,280
12/29/1982,265
12/30/1982,250
12/31/1982,240
1/1/1983,230
1/2/1983,240
1/3/1983,250
1/4/1983,280
1/5/1983,330
1/6/1983,390
1/7/1983,460
1/8/1983,450
1/9/1983,440
1/10/1983,420
1/11/1983,410
1/12/1983,410
1/13/1983,390
1/14/1983,380
1/15/1983,370
1/16/1983,370
1/17/1983,380
1/18/1983,410
1/19/1983,430
1/20/1983,420
1/21/1983,420
1/22/1983,440
1/23/1983,450
1/24/1983,440
1/25/1983,420
1/26/1983,410
1/27/1983,410
1/28/1983,410
1/29/1983,410
1/30/1983,410
1/31/1983,410
2/1/1983,400
2/2/1983,390
2/3/1983,380
2/4/1983,380
2/5/1983,370
2/6/1983,370
2/7/1983,370
2/8/1983,390
2/9/1983,400
2/10/1983,420
2/11/1983,430
2/12/1983,420
2/13/1983,400
2/14/1983,380
2/15/1983,370
2/16/1983,390
2/17/1983,420
2/18/1983,430
2/19/1983,430
2/20/1983,420
2/21/1983,400
2/22/1983,400
2/23/1983,400
2/24/1983,450
2/25/1983,550
2/26/1983,660
2/27/1983,780
2/28/1983,950
3/1/1983,1100
3/2/1983,1250
3/3/1983,1350
3/4/1983,1160
3/5/1983,1150
3/6/1983,1550
3/7/1983,973
3/8/1983,691
3/9/1983,634
3/10/1983,634
3/11/1983,642
3/12/1983,801
3/13/1983,898
3/14/1983,845
3/15/1983,800
3/16/1983,693
3/17/1983,573
3/18/1983,553
3/19/1983,535
3/20/1983,516
3/21/1983,495
3/22/1983,467
3/23/1983,475
3/24/1983,489
3/25/1983,489
3/26/1983,482
3/27/1983,490
3/28/1983,481
3/29/1983,477
3/30/1983,476
3/31/1983,470
4/1/1983,533
4/2/1983,514
4/3/1983,511
4/4/1983,528
4/5/1983,486
4/6/1983,445
4/7/1983,429
4/8/1983,425
4/9/1983,450
4/10/1983,468
4/11/1983,479
4/12/1983,541
4/13/1983,550
4/14/1983,503
4/15/1983,472
4/16/1983,465
4/17/1983,467
4/18/1983,489
4/19/1983,532
4/20/1983,619
4/21/1983,660
4/22/1983,692
4/23/1983,733
4/24/1983,725
4/25/1983,807
4/26/1983,967
4/27/1983,1000
4/28/1983,978
4/29/1983,964
4/30/1983,998
5/1/1983,1110
5/2/1983,1220
5/3/1983,1250
5/4/1983,1200
5/5/1983,1150
5/6/1983,1170
5/7/1983,1250
5/8/1983,1240
5/9/1983,1290
5/10/1983,1450
5/11/1983,1710
5/12/1983,2000
5/13/1983,1880
5/14/1983,1740
5/15/1983,1700
5/16/1983,1660
5/17/1983,1770
5/18/1983,2000
5/19/1983,1880
5/20/1983,1790
5/21/1983,1610
5/22/1983,1560
5/23/1983,1660
5/24/1983,1840
5/25/1983,2190
5/26/1983,2750
5/27/1983,3120
5/28/1983,3670
5/29/1983,4060
5/30/1983,4410
5/31/1983,4620
6/1/1983,4730
6/2/1983,4350
6/3/1983,4310
6/4/1983,3970
6/5/1983,3960
6/6/1983,4030
6/7/1983,3870
6/8/1983,3670
6/9/1983,3780
6/10/1983,3860
6/11/1983,3880
6/12/1983,4080
6/13/1983,4520
6/14/1983,4930
6/15/1983,3680
6/16/1983,3160
6/17/1983,3220
6/18/1983,3380
6/19/1983,3670
6/20/1983,4080
6/21/1983,4520
6/22/1983,4730
6/23/1983,4730
6/24/1983,4720
6/25/1983,4810
6/26/1983,5020
6/27/1983,5550
6/28/1983,5560
6/29/1983,5110
6/30/1983,4380
7/1/1983,3930
7/2/1983,3710
7/3/1983,3500
7/4/1983,3510
7/5/1983,3470
7/6/1983,3050
7/7/1983,2820
7/8/1983,2750
7/9/1983,2840
7/10/1983,2800
7/11/1983,2610
7/12/1983,2310
7/13/1983,2000
7/14/1983,1780
7/15/1983,1670
7/16/1983,1530
7/17/1983,1430
7/18/1983,1340
7/19/1983,1280
7/20/1983,1220
7/21/1983,1220
7/22/1983,1280
7/23/1983,1550
7/24/1983,1640
7/25/1983,1460
7/26/1983,1430
7/27/1983,1500
7/28/1983,1440
7/29/1983,1330
7/30/1983,1220
7/31/1983,1160
8/1/1983,1160
8/2/1983,1180
8/3/1983,1160
8/4/1983,1120
8/5/1983,1160
8/6/1983,1140
8/7/1983,1150
8/8/1983,1060
8/9/1983,1010
8/10/1983,977
8/11/1983,975
8/12/1983,1120
8/13/1983,1100
8/14/1983,1000
8/15/1983,906
8/16/1983,868
8/17/1983,841
8/18/1983,787
8/19/1983,833
8/20/1983,829
8/21/1983,829
8/22/1983,818
8/23/1983,767
8/24/1983,727
8/25/1983,718
8/26/1983,718
8/27/1983,702
8/28/1983,685
8/29/1983,668
8/30/1983,668
8/31/1983,715
9/1/1983,650
9/2/1983,644
9/3/1983,631
9/4/1983,628
9/5/1983,687
9/6/1983,657
9/7/1983,633
9/8/1983,616
9/9/1983,603
9/10/1983,595
9/11/1983,574
9/12/1983,555
9/13/1983,542
9/14/1983,535
9/15/1983,516
9/16/1983,497
9/17/1983,507
9/18/1983,502
9/19/1983,491
9/20/1983,479
9/21/1983,462
9/22/1983,449
9/23/1983,487
9/24/1983,517
9/25/1983,572
9/26/1983,573
9/27/1983,569
9/28/1983,530
9/29/1983,517
9/30/1983,531
10/1/1983,565
10/2/1983,707
10/3/1983,866
10/4/1983,830
10/5/1983,764
10/6/1983,729
10/7/1983,707
10/8/1983,670
10/9/1983,665
10/10/1983,670
10/11/1983,670
10/12/1983,680
10/13/1983,670
10/14/1983,690
10/15/1983,806
10/16/1983,764
10/17/1983,696
10/18/1983,669
10/19/1983,661
10/20/1983,671
10/21/1983,648
10/22/1983,637
10/23/1983,629
10/24/1983,624
10/25/1983,616
10/26/1983,612
10/27/1983,608
10/28/1983,603
10/29/1983,594
10/30/1983,595
10/31/1983,593
11/1/1983,592
11/2/1983,594
11/3/1983,594
11/4/1983,593
11/5/1983,575
11/6/1983,568
11/7/1983,564
11/8/1983,601
11/9/1983,661
11/10/1983,639
11/11/1983,586
11/12/1983,579
11/13/1983,580
11/14/1983,579
11/15/1983,583
11/16/1983,550
11/17/1983,546
11/18/1983,563
11/19/1983,560
11/20/1983,562
11/21/1983,560
11/22/1983,575
11/23/1983,532
11/24/1983,561
11/25/1983,511
11/26/1983,550
11/27/1983,630
11/28/1983,569
11/29/1983,569
11/30/1983,604
12/1/1983,587
12/2/1983,565
12/3/1983,542
12/4/1983,537
12/5/1983,520
12/6/1983,460
12/7/1983,430
12/8/1983,430
12/9/1983,556
12/10/1983,600
12/11/1983,620
12/12/1983,610
12/13/1983,600
12/14/1983,550
12/15/1983,520
12/16/1983,566
12/17/1983,541
12/18/1983,537
12/19/1983,440
12/20/1983,410
12/21/1983,390
12/22/1983,360
12/23/1983,340
12/24/1983,370
12/25/1983,400
12/26/1983,420
12/27/1983,450
12/28/1983,420
12/29/1983,380
12/30/1983,350
12/31/1983,370
1/1/1984,370
1/2/1984,370
1/3/1984,370
1/4/1984,330
1/5/1984,310
1/6/1984,300
1/7/1984,320
1/8/1984,330
1/9/1984,310
1/10/1984,290
1/11/1984,280
1/12/1984,310
1/13/1984,350
1/14/1984,350
1/15/1984,330
1/16/1984,320
1/17/1984,290
1/18/1984,280
1/19/1984,270
1/20/1984,290
1/21/1984,340
1/22/1984,380
1/23/1984,420
1/24/1984,460
1/25/1984,470
1/26/1984,470
1/27/1984,470
1/28/1984,470
1/29/1984,470
1/30/1984,460
1/31/1984,430
2/1/1984,410
2/2/1984,430
2/3/1984,450
2/4/1984,470
2/5/1984,470
2/6/1984,470
2/7/1984,490
2/8/1984,520
2/9/1984,520
2/10/1984,520
2/11/1984,520
2/12/1984,520
2/13/1984,510
2/14/1984,490
2/15/1984,480
2/16/1984,450
2/17/1984,460
2/18/1984,440
2/19/1984,430
2/20/1984,420
2/21/1984,330
2/22/1984,340
2/23/1984,350
2/24/1984,376
2/25/1984,380
2/26/1984,370
2/27/1984,370
2/28/1984,370
2/29/1984,370
3/1/1984,380
3/2/1984,420
3/3/1984,450
3/4/1984,470
3/5/1984,470
3/6/1984,460
3/7/1984,410
3/8/1984,420
3/9/1984,460
3/10/1984,500
3/11/1984,550
3/12/1984,600
3/13/1984,600
3/14/1984,640
3/15/1984,700
3/16/1984,760
3/17/1984,850
3/18/1984,920
3/19/1984,990
3/20/1984,1050
3/21/1984,1200
3/22/1984,1700
3/23/1984,1400
3/24/1984,1000
3/25/1984,980
3/26/1984,920
3/27/1984,949
3/28/1984,863
3/29/1984,877
3/30/1984,917
3/31/1984,890
4/1/1984,865
4/2/1984,932
4/3/1984,767
4/4/1984,714
4/5/1984,785
4/6/1984,908
4/7/1984,942
4/8/1984,905
4/9/1984,950
4/10/1984,1050
4/11/1984,958
4/12/1984,1090
4/13/1984,854
4/14/1984,788
4/15/1984,739
4/16/1984,773
4/17/1984,870
4/18/1984,1020
4/19/1984,1340
4/20/1984,1480
4/21/1984,1430
4/22/1984,1140
4/23/1984,1000
4/24/1984,994
4/25/1984,1190
4/26/1984,1550
4/27/1984,1490
4/28/1984,1320
4/29/1984,1190
4/30/1984,1140
5/1/1984,1070
5/2/1984,1120
5/3/1984,1380
5/4/1984,1350
5/5/1984,1250
5/6/1984,1290
5/7/1984,1290
5/8/1984,1260
5/9/1984,1260
5/10/1984,1420
5/11/1984,1790
5/12/1984,2300
5/13/1984,3060
5/14/1984,3640
5/15/1984,4050
5/16/1984,4810
5/17/1984,5210
5/18/1984,5270
5/19/1984,5060
5/20/1984,4500
5/21/1984,4540
5/22/1984,4870
5/23/1984,4990
5/24/1984,5160
5/25/1984,5410
5/26/1984,5840
5/27/1984,5810
5/28/1984,5350
5/29/1984,4910
5/30/1984,4590
5/31/1984,4570
6/1/1984,4720
6/2/1984,5210
6/3/1984,5460
6/4/1984,4810
6/5/1984,4790
6/6/1984,4860
6/7/1984,5340
6/8/1984,6150
6/9/1984,6050
6/10/1984,4800
6/11/1984,4140
6/12/1984,4110
6/13/1984,4080
6/14/1984,4050
6/15/1984,4250
6/16/1984,4540
6/17/1984,4880
6/18/1984,4790
6/19/1984,4460
6/20/1984,4240
6/21/1984,4210
6/22/1984,4290
6/23/1984,4260
6/24/1984,4110
6/25/1984,3960
6/26/1984,3860
6/27/1984,3520
6/28/1984,3390
6/29/1984,3360
6/30/1984,3280
7/1/1984,3340
7/2/1984,3250
7/3/1984,3040
7/4/1984,2900
7/5/1984,2700
7/6/1984,2500
7/7/1984,2300
7/8/1984,2100
7/9/1984,2200
7/10/1984,2200
7/11/1984,2050
7/12/1984,1950
7/13/1984,1900
7/14/1984,1850
7/15/1984,1800
7/16/1984,1700
7/17/1984,1600
7/18/1984,1530
7/19/1984,1450
7/20/1984,1390
7/21/1984,1320
7/22/1984,1310
7/23/1984,1290
7/24/1984,1340
7/25/1984,1420
7/26/1984,1520
7/27/1984,1490
7/28/1984,1450
7/29/1984,1340
7/30/1984,1330
7/31/1984,1370
8/1/1984,1400
8/2/1984,1410
8/3/1984,1350
8/4/1984,1220
8/5/1984,1200
8/6/1984,1170
8/7/1984,1270
8/8/1984,1170
8/9/1984,1150
8/10/1984,1070
8/11/1984,1040
8/12/1984,1020
8/13/1984,1010
8/14/1984,967
8/15/1984,918
8/16/1984,900
8/17/1984,1120
8/18/1984,1090
8/19/1984,1380
8/20/1984,1520
8/21/1984,1520
8/22/1984,1260
8/23/1984,1090
8/24/1984,1100
8/25/1984,1050
8/26/1984,1030
8/27/1984,960
8/28/1984,911
8/29/1984,873
8/30/1984,841
8/31/1984,812
9/1/1984,795
9/2/1984,859
9/3/1984,880
9/4/1984,814
9/5/1984,795
9/6/1984,727
9/7/1984,768
9/8/1984,693
9/9/1984,729
9/10/1984,734
9/11/1984,871
9/12/1984,1100
9/13/1984,837
9/14/1984,801
9/15/1984,760
9/16/1984,774
9/17/1984,794
9/18/1984,814
9/19/1984,790
9/20/1984,763
9/21/1984,782
9/22/1984,973
9/23/1984,824
9/24/1984,805
9/25/1984,800
9/26/1984,808
9/27/1984,812
9/28/1984,797
9/29/1984,778
9/30/1984,770
10/1/1984,790
10/2/1984,824
10/3/1984,845
10/4/1984,753
10/5/1984,806
10/6/1984,874
10/7/1984,910
10/8/1984,916
10/9/1984,903
10/10/1984,883
10/11/1984,851
10/12/1984,879
10/13/1984,870
10/14/1984,874
10/15/1984,838
10/16/1984,833
10/17/1984,839
10/18/1984,831
10/19/1984,873
10/20/1984,893
10/21/1984,883
10/22/1984,868
10/23/1984,863
10/24/1984,858
10/25/1984,859
10/26/1984,853
10/27/1984,854
10/28/1984,847
10/29/1984,812
10/30/1984,321
10/31/1984,432
11/1/1984,697
11/2/1984,890
11/3/1984,561
11/4/1984,468
11/5/1984,477
11/6/1984,589
11/7/1984,441
11/8/1984,543
11/9/1984,733
11/10/1984,733
11/11/1984,740
11/12/1984,727
11/13/1984,522
11/14/1984,531
11/15/1984,422
11/16/1984,761
11/17/1984,742
11/18/1984,689
11/19/1984,684
11/20/1984,523
11/21/1984,484
11/22/1984,276
11/23/1984,272
11/24/1984,581
11/25/1984,685
11/26/1984,680
11/27/1984,676
11/28/1984,463
11/29/1984,444
11/30/1984,420
12/1/1984,397
12/2/1984,442
12/3/1984,738
12/4/1984,902
12/5/1984,698
12/6/1984,568
12/7/1984,511
12/8/1984,742
12/9/1984,885
12/10/1984,724
12/11/1984,631
12/12/1984,701
12/13/1984,663
12/14/1984,651
12/15/1984,670
12/16/1984,630
12/17/1984,665
12/18/1984,414
12/19/1984,514
12/20/1984,732
12/21/1984,600
12/22/1984,500
12/23/1984,450
12/24/1984,410
12/25/1984,470
12/26/1984,600
12/27/1984,710
12/28/1984,690
12/29/1984,710
12/30/1984,660
12/31/1984,600
1/1/1985,550
1/2/1985,525
1/3/1985,500
1/4/1985,490
1/5/1985,510
1/6/1985,625
1/7/1985,700
1/8/1985,660
1/9/1985,580
1/10/1985,525
1/11/1985,495
1/12/1985,470
1/13/1985,500
1/14/1985,550
1/15/1985,580
1/16/1985,620
1/17/1985,635
1/18/1985,630
1/19/1985,615
1/20/1985,580
1/21/1985,560
1/22/1985,530
1/23/1985,510
1/24/1985,495
1/25/1985,500
1/26/1985,470
1/27/1985,495
1/28/1985,500
1/29/1985,540
1/30/1985,582
1/31/1985,535
2/1/1985,510
2/2/1985,475
2/3/1985,475
2/4/1985,500
2/5/1985,530
2/6/1985,530
2/7/1985,519
2/8/1985,495
2/9/1985,480
2/10/1985,496
2/11/1985,500
2/12/1985,480
2/13/1985,500
2/14/1985,480
2/15/1985,485
2/16/1985,500
2/17/1985,521
2/18/1985,542
2/19/1985,520
2/20/1985,480
2/21/1985,475
2/22/1985,490
2/23/1985,520
2/24/1985,560
2/25/1985,550
2/26/1985,520
2/27/1985,498
2/28/1985,485
3/1/1985,495
3/2/1985,520
3/3/1985,550
3/4/1985,620
3/5/1985,590
3/6/1985,560
3/7/1985,560
3/8/1985,575
3/9/1985,585
3/10/1985,575
3/11/1985,550
3/12/1985,550
3/13/1985,560
3/14/1985,590
3/15/1985,610
3/16/1985,630
3/17/1985,630
3/18/1985,640
3/19/1985,668
3/20/1985,670
3/21/1985,640
3/22/1985,650
3/23/1985,700
3/24/1985,750
3/25/1985,830
3/26/1985,880
3/27/1985,900
3/28/1985,830
3/29/1985,730
3/30/1985,660
3/31/1985,620
4/1/1985,580
4/2/1985,567
4/3/1985,576
4/4/1985,701
4/5/1985,910
4/6/1985,891
4/7/1985,883
4/8/1985,889
4/9/1985,898
4/10/1985,901
4/11/1985,908
4/12/1985,766
4/13/1985,1130
4/14/1985,1340
4/15/1985,1470
4/16/1985,1450
4/17/1985,1630
4/18/1985,1820
4/19/1985,2000
4/20/1985,2430
4/21/1985,2870
4/22/1985,2650
4/23/1985,2280
4/24/1985,1970
4/25/1985,1900
4/26/1985,1910
4/27/1985,1850
4/28/1985,1780
4/29/1985,1700
4/30/1985,1980
5/1/1985,2260
5/2/1985,2510
5/3/1985,2740
5/4/1985,3160
5/5/1985,3550
5/6/1985,3820
5/7/1985,4120
5/8/1985,3790
5/9/1985,3870
5/10/1985,4080
5/11/1985,4120
5/12/1985,4170
5/13/1985,3720
5/14/1985,3390
5/15/1985,2950
5/16/1985,2790
5/17/1985,2720
5/18/1985,2850
5/19/1985,2990
5/20/1985,3100
5/21/1985,2930
5/22/1985,2970
5/23/1985,3060
5/24/1985,2980
5/25/1985,3170
5/26/1985,3310
5/27/1985,3380
5/28/1985,3440
5/29/1985,3570
5/30/1985,3600
5/31/1985,3580
6/1/1985,3370
6/2/1985,3080
6/3/1985,2810
6/4/1985,2780
6/5/1985,2770
6/6/1985,2790
6/7/1985,2850
6/8/1985,2860
6/9/1985,3220
6/10/1985,3740
6/11/1985,3810
6/12/1985,3780
6/13/1985,3340
6/14/1985,3120
6/15/1985,3040
6/16/1985,3030
6/17/1985,2990
6/18/1985,2820
6/19/1985,2660
6/20/1985,2670
6/21/1985,2440
6/22/1985,2350
6/23/1985,2250
6/24/1985,2140
6/25/1985,2010
6/26/1985,2190
6/27/1985,2240
6/28/1985,2030
6/29/1985,1730
6/30/1985,1600
7/1/1985,1510
7/2/1985,1430
7/3/1985,1360
7/4/1985,1320
7/5/1985,1270
7/6/1985,1240
7/7/1985,1190
7/8/1985,1110
7/9/1985,1010
7/10/1985,1030
7/11/1985,966
7/12/1985,988
7/13/1985,970
7/14/1985,831
7/15/1985,843
7/16/1985,844
7/17/1985,853
7/18/1985,830
7/19/1985,941
7/20/1985,1180
7/21/1985,1270
7/22/1985,1370
7/23/1985,1410
7/24/1985,1330
7/25/1985,1290
7/26/1985,1280
7/27/1985,1190
7/28/1985,1160
7/29/1985,1260
7/30/1985,1240
7/31/1985,1200
8/1/1985,1110
8/2/1985,1040
8/3/1985,997
8/4/1985,983
8/5/1985,977
8/6/1985,1020
8/7/1985,997
8/8/1985,1040
8/9/1985,1040
8/10/1985,1000
8/11/1985,897
8/12/1985,895
8/13/1985,895
8/14/1985,913
8/15/1985,894
8/16/1985,684
8/17/1985,617
8/18/1985,531
8/19/1985,524
8/20/1985,380
8/21/1985,368
8/22/1985,351
8/23/1985,321
8/24/1985,442
8/25/1985,495
8/26/1985,488
8/27/1985,403
8/28/1985,468
8/29/1985,446
8/30/1985,424
8/31/1985,422
9/1/1985,426
9/2/1985,457
9/3/1985,660
9/4/1985,619
9/5/1985,543
9/6/1985,498
9/7/1985,438
9/8/1985,443
9/9/1985,442
9/10/1985,449
9/11/1985,453
9/12/1985,562
9/13/1985,555
9/14/1985,525
9/15/1985,497
9/16/1985,562
9/17/1985,572
9/18/1985,533
9/19/1985,550
9/20/1985,577
9/21/1985,585
9/22/1985,600
9/23/1985,616
9/24/1985,682
9/25/1985,692
9/26/1985,673
9/27/1985,660
9/28/1985,654
9/29/1985,617
9/30/1985,668
10/1/1985,810
10/2/1985,795
10/3/1985,747
10/4/1985,698
10/5/1985,672
10/6/1985,678
10/7/1985,702
10/8/1985,754
10/9/1985,925
10/10/1985,986
10/11/1985,1210
10/12/1985,1080
10/13/1985,1300
10/14/1985,1230
10/15/1985,1220
10/16/1985,1190
10/17/1985,788
10/18/1985,750
10/19/1985,746
10/20/1985,742
10/21/1985,739
10/22/1985,743
10/23/1985,735
10/24/1985,726
10/25/1985,652
10/26/1985,481
10/27/1985,635
10/28/1985,685
10/29/1985,689
10/30/1985,812
10/31/1985,529
11/1/1985,737
11/2/1985,739
11/3/1985,697
11/4/1985,689
11/5/1985,681
11/6/1985,689
11/7/1985,710
11/8/1985,675
11/9/1985,693
11/10/1985,756
11/11/1985,699
11/12/1985,771
11/13/1985,898
11/14/1985,832
11/15/1985,698
11/16/1985,671
11/17/1985,688
11/18/1985,741
11/19/1985,755
