137330,184334,55655,63098,63098,26019,38379,451844,7637,7761,26099,485704,11046,28115,28257,2758,14928,3836,13308,5815,4016,3715,6234,4016,86825,87185,88205,1338,23095,44013,6861,11046,162509,38825,68214,2510,11369,47769,371540,28039,11237,101123,5242,111364,13732,245696,249691,4663,4692,7186,19502,7970,373027,408951,26217,5993,5993,823260,43837,10316,14630,4784,97510,8138,8238,2938,8066,14378,1009232,1045663,1047964,81855,84667,87735,92614,29544,30936,5660,2914,9948,7203,166491,171506,1219497,29841,2572,7545,1263988,1264078,1213746,1698578,1698372,18228,361551
96596,129659,42334,47996,47996,22100,32596,311892,6334,6436,22164,340492,10916,26042,26174,2622,14192,3648,12652,5527,3818,3535,5927,3818,81854,82197,83167,1324,22820,43490,6780,10916,156589,38364,50505,2481,8418,35368,334404,20762,9434,84910,4402,93506,11530,206297,209651,4318,3552,5437,14756,7382,304735,331793,22013,5031,5031,738277,37962,9050,12837,4198,80479,5282,5345,2543,6984,12452,886864,913961,915673,72236,74716,77424,80436,24549,25704,4655,2396,8179,5923,137922,141018,1056456,24538,2383,6204,1051521,1050779,1066572,1407338,1407402,15305,303575
150773,202382,54395,61673,61673,27992,41283,471719,6336,6439,28072,506230,9105,26270,26402,2496,13504,3470,12041,5261,3634,3363,5641,3634,79390,79715,80637,1103,19035,36276,5653,9105,141880,32000,66649,2069,11110,46673,331890,27396,11603,104424,5416,114995,14179,253709,257835,4357,5018,7682,20856,7445,387199,425349,27073,6188,6188,741063,47068,8120,11517,3765,106937,6479,6557,3154,8660,15439,953181,1000594,1003590,75085,77663,80479,85022,30489,31927,5344,2753,9392,6799,157261,161930,1165322,28176,2404,7126,1170942,1170316,1134248,1639852,1639704,18821,373345
225739,303006,67144,76127,76127,35019,51648,720750,8958,9103,35123,764977,16363,39836,40036,3646,19735,5071,17595,7689,5309,4914,8242,5309,117467,117941,119290,1982,34214,65204,10166,16363,229367,57517,85210,3720,14202,59671,512095,35026,17752,159776,8284,175950,21697,388195,394508,6604,4069,6231,16914,11291,507860,538838,41424,9470,9470,1070579,78063,12972,18403,6019,144007,8943,9051,5231,14363,25605,1333059,1376299,1379030,114036,117947,122226,130227,40046,41932,8098,4173,14233,10308,237194,245415,1624817,42702,3644,10797,1742550,1743730,1276081,2032937,2031026,28799,571246
103540,138979,40431,45841,45841,22709,33495,339335,6057,6157,22777,368269,10544,24897,25023,2703,14623,3760,13038,5697,3934,3641,6108,3934,82405,82757,83755,1278,22041,42007,6550,10544,154672,37056,54016,2396,9001,37827,335322,22205,8795,79162,4105,87176,10750,192336,195464,4131,4128,6322,17156,7057,303277,334635,20525,4692,4692,761721,37910,8992,12754,4171,86027,5231,5295,2541,6976,12435,924926,958101,960196,73682,76210,78975,81705,25346,26541,4686,2414,8235,5964,139180,141989,1101683,24706,2277,6246,1053312,1051722,903495,1269191,1268585,14268,283031
152424,204596,60485,68577,68577,32221,47523,476458,8691,8832,32317,517607,14788,30683,30836,3429,18560,4769,16546,7230,4995,4624,7753,4995,103659,104104,105372,1792,30921,58928,9188,14788,203898,51982,71566,3360,11926,50116,448963,29421,12157,109406,5672,120482,14858,265815,270138,5086,5805,8886,24124,8694,420430,464726,28365,6483,6483,1008762,51416,12268,17400,5690,96245,7148,7236,3443,9461,16865,1176811,1199927,1201388,101436,104915,108720,112989,35951,37645,6602,3403,11604,8404,195710,200097,1401378,34817,2806,8804,1430364,1430025,1280920,1795940,1795329,19720,391161
102035,136961,35993,40808,40808,20612,30399,337438,5716,5808,20671,363917,9548,25097,25222,2496,13506,3470,12042,5261,3632,3364,5641,3632,78215,78540,79463,1158,19964,38049,5931,9548,143699,33565,54430,2169,9071,38116,316683,22374,9298,83671,4337,92140,11361,203288,206593,4162,3496,5352,14530,7112,296994,322671,21693,4957,4957,731590,33257,8773,12444,4069,76402,4684,4740,2226,6119,10910,874616,902935,904723,70921,73353,76012,78794,21249,22251,4416,2274,7762,5620,130935,133796,1038242,23281,2294,5887,1024758,1023883,831433,1192005,1191220,15081,299148
151338,203139,60702,68825,68825,31133,45919,495056,8007,8136,31225,534417,11130,29403,29550,3238,17538,4507,15636,6832,4719,4366,7327,4719,98359,98781,99979,1348,23273,44355,6914,11130,172871,39127,73848,2529,12307,51713,389707,30355,12272,110454,5726,121637,15000,268361,272726,4875,6716,10284,27917,8332,443354,494438,28637,6544,6544,913737,44187,11124,15779,5160,116088,7586,7679,2961,8131,14494,1144667,1198861,1202283,86281,89241,92478,98971,28315,29649,6142,3162,10793,7816,179436,186108,1388168,32381,2689,8190,1395290,1394584,1406093,1940707,1940755,19909,394908
257294,345361,97814,110902,110902,38586,56911,850124,13807,14031,38700,902855,14406,38828,39023,4088,22128,5685,19730,8618,5953,5510,9241,5953,125844,126377,127888,1747,30123,57411,8950,14406,224809,50643,117208,3275,19535,82080,545468,48183,19636,176715,9164,194606,24000,429356,436338,6440,6517,9979,27081,11004,607523,657412,45815,10471,10471,1446662,84278,20496,29073,9507,177009,10468,10595,5645,15507,27644,1769743,1827334,1830969,134333,138941,143980,152729,62537,65484,10018,5161,17608,12751,294621,303612,2134994,52827,3549,13358,2272060,2273371,2222306,3124274,3124066,31853,631818
148974,199966,58103,65875,65875,28090,41432,466076,7983,8112,28175,502363,13041,32015,32174,3046,16488,4237,14699,6423,4437,4105,6885,4437,96861,97258,98383,1580,27264,51963,8099,13041,186107,45837,79583,2964,13266,55730,431271,32712,13862,124755,6468,137384,16942,303109,308036,5308,4101,6277,17045,9074,415426,445606,32345,7393,7393,915154,40346,11257,15967,5221,106938,7995,8092,2706,7423,13233,1126225,1174511,1177560,96008,99304,102904,106547,33392,34965,6139,3160,10790,7814,182274,186020,1363677,32367,2927,8186,1422892,1423198,1416519,1918767,1918740,22486,446037
116621,156537,49728,56382,56382,23827,35144,386804,6643,6750,23898,417452,10412,25015,25140,2475,13401,3445,11947,5221,3604,3336,5599,3604,77716,78040,78954,1261,21773,41492,6468,10412,149006,36605,52243,2365,8709,36585,325556,21476,10737,96629,5011,106413,13123,234776,238592,4148,4275,6546,17767,7089,350693,383426,25051,5726,5726,708757,37327,9488,13458,4401,88154,6987,7071,2502,6868,12243,870603,902486,904501,72302,74778,77492,82514,23855,24980,5061,2608,8895,6441,148222,153385,1057861,26688,2288,6749,1089712,1089637,1028135,1444519,1444268,17417,345480
205168,275396,86567,98150,98150,37147,54791,652401,10362,10531,37257,700189,14760,33086,33252,3483,18848,4845,16805,7342,5071,4693,7872,5071,107207,107664,108950,1790,30858,58810,9168,14760,208235,51879,100195,3355,16700,70165,502926,41187,18368,165319,8573,182056,22450,401663,408195,5489,6078,9305,25258,9378,566051,612451,42862,9798,9798,1082821,70806,19882,28203,9222,145940,11724,11867,4744,13029,23225,1341986,1382087,1384619,117048,121064,125454,129975,51449,53874,7939,4089,13949,10101,235873,240519,1625375,41850,3027,10584,1719149,1719895,1654785,2353841,2353576,29798,591066
220628,296146,81459,92357,92357,37748,55675,701385,11345,11530,37859,750774,18971,37557,37746,3839,20770,5340,18519,8090,5588,5170,8675,5588,119242,119741,121160,2300,39668,75597,11784,18971,248783,66685,96640,4311,16108,67675,572914,39727,17895,161042,8349,177343,21871,391273,397635,6230,5339,8175,22192,10644,540495,581376,41751,9542,9542,1205514,68372,16873,23933,7826,158552,11752,11894,4583,12581,22426,1509061,1571188,1575112,133269,137838,142839,145718,59542,62349,8585,4424,15093,10928,257260,260220,1835612,45278,3434,11450,1941418,1942307,1909127,2659324,2659188,29027,575775
150720,202310,62243,70571,70571,29726,43843,487317,8088,8219,29812,525348,7894,26092,26224,2642,14299,3675,12748,5571,3848,3560,5976,3848,82331,82676,83651,956,16502,31449,4904,7894,136745,27743,65985,1794,10997,46208,315424,27125,11662,104950,5444,115573,14250,254982,259129,4327,3852,5901,16014,7395,361220,390547,27210,6218,6218,808108,53585,9840,13958,4563,106228,7429,7519,3590,9860,17577,1007494,1043778,1046070,76630,79258,82133,87371,29586,30980,5521,2844,9703,7025,161929,167311,1213459,29111,2387,7362,1265100,1265348,1177866,1701695,1701337,18916,375219
147959,198601,61476,69702,69702,29055,42854,491738,8254,8387,29140,529265,14468,32895,33060,3324,17988,4624,16039,7007,4842,4479,7514,4842,103646,104078,105307,1753,30253,57655,8987,14468,202639,50859,79425,3287,13238,55620,459571,32650,13576,122180,6337,134550,16593,296850,301679,5454,4569,6996,18993,9322,423898,458761,31677,7241,7241,967099,49093,10966,15556,5089,115745,8645,8749,3289,9031,16102,1193669,1242593,1245685,99320,102726,106452,111979,37602,39375,6853,3530,12045,8724,202010,207692,1453483,36139,3008,9140,1518868,1519202,1525988,2055371,2055397,22024,436829
117578,157824,47222,53541,53541,25562,37703,422195,6727,6835,25638,454668,11688,26353,26485,2511,13594,3493,12119,5295,3656,3385,5676,3656,79817,80144,81072,1417,24437,46569,7259,11688,159689,41082,59789,2656,9965,41868,359798,24576,10083,90753,4705,99941,12326,220493,224080,4369,2947,4512,12250,7471,304382,326599,23530,5377,5377,714450,39529,7403,10501,3434,85412,5310,5375,2647,7273,12966,879267,913244,915389,77425,80079,82983,86103,23576,24688,4852,2500,8531,6176,143863,147072,1062443,25591,2409,6473,1094104,1094048,1005846,1458979,1458620,16358,324468
119368,160225,46968,53250,53250,24048,35471,444689,6831,6944,24120,475753,11340,28707,28851,2643,14307,3680,12756,5572,3851,3563,5976,3851,84991,85337,86313,1375,23711,45189,7044,11340,162604,39863,59311,2576,9886,41534,358982,24382,10632,95697,4962,105385,12996,232511,236292,4761,3834,5870,15934,8136,336370,364661,24810,5670,5670,719140,34412,8503,12062,3945,89987,6721,6802,2304,6332,11287,899194,941274,943933,78487,81179,84123,87343,23064,24151,4898,2525,8609,6234,145122,148433,1092387,25825,2626,6532,1130703,1130768,1028600,1502578,1502161,17249,342150
151270,203046,63861,72404,72404,32845,48443,575993,8828,8972,32941,617906,14327,30514,30667,2910,15747,4047,14039,6134,4237,3923,6577,4237,92453,92833,93907,1738,29958,57093,8900,14327,190292,50363,66379,3255,11062,46484,423854,27285,11204,100835,5228,111041,13693,244991,248974,5060,4196,6428,17444,8649,360778,392613,26142,5973,5973,798496,55662,10839,15373,5027,115463,7669,7761,3730,10243,18258,1017024,1058926,1061572,91035,94158,97573,100881,27535,28831,5621,2897,9880,7156,166930,170328,1231953,29637,2790,7494,1280542,1280711,1092806,1707451,1706682,18172,360513
161647,216979,67401,76419,76419,33676,49668,574758,9121,9270,33774,617802,16006,35039,35214,3347,18113,4656,16148,7055,4873,4510,7565,4873,106275,106712,107948,1942,33470,63786,9943,16006,215634,56269,80325,3639,13388,56250,487059,33019,13241,119173,6180,131238,16184,289550,294257,5810,5815,8905,24172,9931,444371,487975,30897,7063,7063,934141,57795,12541,17789,5817,122653,9316,9429,3872,10632,18955,1165722,1209591,1212361,104868,108463,112397,117479,36074,37774,6926,3568,12174,8816,204661,209884,1422284,36519,3204,9234,1477803,1477930,1376796,1992839,1992427,21480,426083
170192,228447,73395,83213,83213,36371,53644,617098,9688,9844,36479,663421,17150,32509,32671,3480,18827,4839,16787,7336,5068,4688,7864,5068,106550,107002,108288,2077,35858,68337,10655,17150,223658,60284,80222,3898,13371,56177,504528,32977,14295,128662,6673,141689,17472,312605,317687,5390,5393,8257,22415,9214,456850,497270,33358,7625,7625,1021035,63168,13191,18711,6118,136478,12246,12395,4232,11623,20721,1284086,1335643,1338899,111141,114953,119123,123759,40248,42146,7262,3741,12762,9240,215269,220034,1559167,38285,2974,9680,1648069,1648808,1566103,2228088,2227750,23194,460010
231745,311067,104775,118791,118791,50047,73816,881902,14365,14600,50195,946697,15184,35563,35741,3846,20817,5352,18561,8110,5602,5183,8696,5602,117427,117926,119348,1841,31751,60512,9432,15184,221505,53379,93965,3451,15660,65802,509198,38626,17125,154121,7992,169724,20931,374457,380547,5897,7415,11358,30822,10080,571495,628273,39956,9133,9133,1296425,95237,20132,28556,9338,198179,16774,16978,6380,17523,31238,1670854,1740029,1744398,115594,119560,123896,133028,57587,60302,9121,4699,16030,11608,266997,276382,2021275,48090,3252,12161,2165266,2166835,2010083,2954058,2953417,27780,551033
110299,148053,43840,49707,49707,19632,28956,335818,6692,6801,19690,362309,11965,29536,29685,2891,15649,4022,13951,6097,4210,3897,6537,4210,91083,91460,92527,1451,25018,47677,7433,11965,173018,42059,60953,2720,10160,42685,377452,25056,10751,96739,5015,106532,13137,235039,238862,4898,4193,6424,17436,8370,350171,381983,25079,5733,5733,765496,27976,8198,11627,3801,88127,7441,7531,1875,5147,9177,948941,996499,999503,79357,82078,85054,89299,23166,24259,5161,2657,9067,6568,151987,156350,1155900,27206,2701,6881,1200111,1200255,1229187,1591996,1592117,17437,345873
115980,155677,47294,53621,53621,25687,37887,465314,7144,7259,25761,496476,8127,23446,23563,1928,10433,2680,9304,4065,2807,2597,4356,2807,64503,64754,65467,985,16990,32383,5051,8127,120136,28567,52170,1845,8696,36534,277303,21445,8010,72095,3739,79392,9789,175160,178009,3888,4983,7629,20709,6644,305912,344001,18692,4272,4272,602988,34632,8373,11877,3883,83526,7636,7730,2320,6373,11359,767336,802570,804795,63710,65895,68285,70708,20642,21615,4013,2067,7051,5108,119113,121601,926408,21159,2143,5351,957140,957181,768876,1262082,1261313,12996,257757
193341,259519,75771,85907,85907,39892,58838,777440,10410,10581,40010,828031,11811,31770,31930,3112,16842,4330,15015,6560,4533,4193,7032,4533,98010,98415,99565,1431,24697,47068,7338,11811,179023,41517,80679,2685,13445,56498,415703,33164,16029,144273,7482,158880,19593,350532,356233,5268,5218,7990,21688,9004,492275,531789,37403,8549,8549,988500,75464,15334,21750,7112,132150,11790,11933,5055,13886,24752,1219413,1248427,1250261,91854,95002,98450,104661,35742,37428,6614,3409,11625,8419,194069,200453,1450878,34878,2907,8819,1524019,1524535,1237184,2060228,2059052,26007,515825
166711,223769,34484,39099,39099,26170,38598,568719,7131,7247,26247,601671,11025,28639,28783,2697,14600,3752,13018,5687,3929,3635,6099,3929,86072,86424,87421,1337,23051,43936,6849,11025,161591,38756,72327,2504,12055,50649,377451,29731,10997,98967,5131,108986,13440,240455,244363,4748,3720,5699,15464,8116,345022,373510,25659,5865,5865,815402,46317,7647,10848,3547,82666,5803,5875,3102,8522,15193,963487,985845,987258,80302,83056,86069,88933,30432,31866,5193,2677,9132,6613,154524,157468,1144748,27398,2620,6930,1185357,1185427,997850,1596262,1595497,17838,353837
56115,75321,16334,18520,18520,9819,14483,126898,2917,2964,9846,138486,3805,15482,15560,1478,7991,2053,7124,3114,2151,1988,3338,2151,46915,47108,47654,461,7959,15167,2363,3805,73256,13377,30058,866,5008,21047,156419,12357,6022,54208,2811,59698,7363,131710,133851,2567,2344,3593,9749,4388,195402,213120,14054,3213,3213,351594,21066,4109,5828,1906,39906,3089,3127,1409,3877,6910,423282,434553,435265,33787,34945,36212,38607,14283,14958,2504,1287,4399,3186,73389,75850,510936,13197,1417,3337,499574,499004,506009,644616,644646,9770,193817
101854,136716,52701,59751,59751,19458,28701,290554,6226,6328,19517,314984,7337,24346,24469,2180,11799,3033,10521,4598,3178,2940,4928,3178,70774,71057,71864,888,15339,29235,4558,7337,121220,25789,63815,1667,10636,44688,291527,26233,10285,92556,4799,101926,12571,224880,228536,4037,3716,5691,15445,6901,326780,355112,23996,5483,5483,698641,29232,8606,12208,3993,70006,7511,7601,1956,5377,9588,832508,858639,860291,67421,69734,72263,75068,24361,25506,4400,2267,7735,5599,130471,133352,993637,23202,2227,5868,1023965,1023947,1056122,1371664,1371796,16683,330920
114174,153254,37898,42966,42966,22082,32569,403555,6687,6795,22147,431993,14694,28371,28514,2884,15618,4014,13924,6085,4204,3889,6523,4204,89796,90173,91239,1782,30724,58556,9129,14694,190095,51654,63507,3338,10585,44472,421866,26105,13608,122481,6351,134880,16633,297584,302422,4705,4191,6414,17414,8042,408798,439179,31754,7258,7258,808609,57279,7749,10993,3594,106263,7322,7410,3837,10539,18787,1010504,1047082,1049392,88046,91067,94369,99792,23525,24635,5791,2982,10175,7369,169882,175456,1224880,30528,2595,7720,1270993,1271096,1267580,1699510,1699498,22076,437907
147530,198027,53994,61217,61217,29455,43443,508242,8271,8405,29542,546013,7219,22483,22595,2232,12073,3103,10763,4703,3248,3009,5041,3248,69963,70254,71078,876,15099,28774,4485,7219,119654,25383,49150,1642,8190,34419,264052,20204,11908,107181,5556,118032,14554,260413,264647,3726,4499,6888,18697,6372,380885,415328,27788,6351,6351,708020,48322,9390,13319,4356,88638,7874,7969,3238,8892,15849,868852,892933,894455,64470,66680,69099,74419,23467,24572,4784,2464,8410,6089,139503,144971,1039432,25225,2056,6377,1073940,1073954,893138,1436011,1435272,19319,383210
155628,208896,65751,74546,74546,30630,45177,508553,8711,8854,30721,548128,12708,31209,31365,3035,16436,4226,14652,6403,4423,4093,6863,4423,95849,96244,97366,1541,26568,50635,7893,12708,182848,44668,70384,2889,11731,49289,409569,28933,13109,117984,6117,129927,16023,286658,291319,5175,4130,6325,17167,8846,402623,434193,30590,6990,6990,897285,59322,12718,18039,5899,109891,9858,9979,3972,10915,19459,1093828,1122023,1123804,88822,91868,95202,99708,31997,33504,5969,3075,10490,7596,176239,180871,1304756,31474,2853,7957,1360230,1360487,1280303,1827039,1826712,21266,421830
98974,132851,36250,41100,41100,19723,29093,333146,6020,6118,19784,358684,11463,24465,24588,2516,13620,3500,12143,5305,3664,3391,5687,3664,78026,78357,79285,1390,23967,45677,7120,11463,156395,40292,49310,2605,8218,34531,336800,20270,9324,83909,4352,92403,11396,203867,207183,4058,3905,5978,16231,6935,309385,338984,21753,4972,4972,678090,36640,6900,9786,3201,84039,5958,6030,2457,6742,12018,844079,880518,882820,72222,74700,77408,80820,22706,23777,4663,2403,8197,5934,137826,141331,1024151,24592,2237,6218,1057557,1057564,1045432,1403906,1403856,15124,300003
97752,131208,36368,41233,41233,18592,27423,294906,5487,5575,18647,319128,10709,19286,19384,1686,9127,2347,8137,3555,2454,2271,3811,2454,54860,55079,55696,1297,22391,42675,6652,10709,127738,37645,46317,2434,7721,32435,296707,19040,9282,83525,4330,91983,11343,202937,206236,3197,3917,5996,16276,5466,307294,337278,21655,4951,4951,639195,33619,7187,10195,3334,75312,5598,5665,2253,6186,11027,784717,814667,816558,67294,69604,72127,75637,21837,22866,4445,2289,7814,5656,131094,134702,951219,23438,1765,5929,975756,975628,978668,1297845,1297860,15056,298631
118224,158691,48045,54472,54472,24433,36039,429062,6697,6808,24508,460378,11491,24259,24381,2377,12867,3307,11472,5014,3463,3203,5375,3463,74564,74871,75746,1392,24029,45793,7137,11491,153056,40397,55403,2612,9235,38797,344068,22773,9024,81212,4212,89435,11028,197316,200525,4022,3733,5717,15516,6877,299505,328090,21054,4812,4812,726219,39499,8359,11856,3876,86198,8093,8193,2647,7267,12955,893046,925974,928055,80694,83460,86488,91459,22390,23446,5341,2751,9386,6797,156720,161831,1089859,28159,2218,7121,1123062,1122977,1044194,1503203,1502881,14638,290360
136438,183139,57649,65361,65361,26211,38659,487313,7871,7998,26288,521151,12010,24259,24382,2476,13405,3446,11950,5221,3606,3338,5600,3606,76975,77298,78214,1457,25110,47852,7462,12010,158999,42211,56055,2729,9343,39254,355468,23041,10252,92276,4785,101619,12531,224199,227845,4023,4542,6957,18885,6875,345946,380732,23922,5469,5469,831316,41822,11034,15652,5120,106596,9149,9260,2801,7696,13718,1041826,1088623,1091577,80106,82854,85859,91001,29043,30412,5625,2897,9883,7156,165111,170396,1262064,29650,2220,7496,1316222,1316511,1239470,1759283,1758968,16632,329919
126890,170320,43764,49618,49618,20425,30124,378973,6556,6663,20484,405725,10866,22481,22595,2032,11001,2827,9809,4286,2962,2739,4597,2962,65451,65714,66460,1319,22717,43294,6750,10866,139551,38190,59350,2467,9893,41562,331990,24396,10690,96218,4990,105961,13067,233776,237576,3727,3785,5796,15733,6371,336225,364960,24946,5701,5701,693338,36222,7979,11319,3703,79740,6701,6782,2427,6665,11880,845960,876066,877966,73064,75569,78309,82039,21372,22380,4714,2428,8286,6001,139015,142852,1020742,24858,2055,6286,1041476,1041233,979763,1384422,1384171,17342,344010
119673,160633,47853,54255,54255,22817,33654,425928,6397,6500,22885,454209,8934,21033,21140,1780,9630,2475,8587,3751,2592,2399,4022,2592,58209,58437,59082,1085,18684,35607,5552,8934,118842,31409,53680,2030,8947,37591,284945,22065,9951,89559,4642,98627,12161,217596,221135,3487,3521,5393,14638,5962,312150,338619,23219,5307,5307,681107,35953,7700,10923,3571,68150,7140,7227,2409,6616,11793,805251,823917,825098,69039,71408,73997,77075,23714,24831,4502,2320,7911,5728,133234,136400,961455,23735,1924,6001,986248,986115,873076,1325322,1324861,16144,320204
160664,215657,73577,83422,83422,28710,42343,510444,8943,9090,28795,548329,9196,29765,29914,2783,15066,3871,13431,5868,4054,3751,6294,4054,89028,89390,90420,1115,19226,36644,5713,9196,151331,32321,78451,2090,13077,54938,360992,32249,13190,118718,6155,130738,16124,288441,293133,4936,4697,7192,19521,8435,416739,452511,30778,7034,7034,942728,44482,11671,16555,5413,94047,10597,10726,2979,8183,14589,1112025,1139160,1140875,86795,89771,93027,97455,32711,34252,5896,3038,10364,7505,174129,178679,1319708,31091,2725,7862,1386406,1386892,1335838,1883280,1883070,21399,424457
124353,166918,43523,49347,49347,21619,31886,360826,6283,6387,21683,388232,9350,25084,25209,2420,13104,3368,11681,5103,3526,3262,5474,3526,76623,76939,77832,1134,19554,37264,5809,9350,140741,32872,56765,2125,9460,39752,316038,23334,9939,89453,4638,98510,12148,217340,220873,4159,3565,5457,14818,7110,316245,343538,23190,5299,5299,674294,42251,9450,13406,4384,80654,6505,6583,2831,7774,13859,818388,840060,841429,70055,72456,75084,79549,21079,22073,4735,2440,8322,6027,138905,143494,984791,24968,2295,6314,996879,996460,930351,1317436,1317165,16123,319825
144619,194118,63367,71843,71843,28798,42474,497711,8731,8874,28882,535467,13265,30603,30759,3159,17093,4394,15237,6657,4596,4255,7137,4596,97820,98232,99399,1609,27735,52857,8240,13265,188632,46627,72644,3014,12109,50872,423894,29862,11975,107784,5591,118696,14638,261873,266133,5076,5073,7764,21079,8674,399306,438060,27946,6388,6388,934363,47441,10992,15590,5099,111307,10165,10286,3178,8728,15562,1149948,1194804,1197637,91621,94763,98201,103603,32275,33797,6291,3240,11055,8006,185044,190595,1388387,33164,2798,8386,1457790,1458278,1430195,1965175,1965060,19427,385360
111078,149098,45839,51970,51970,19536,28816,320430,6725,6834,19597,346554,12637,27216,27353,2767,14986,3852,13361,5839,4034,3730,6260,4034,86031,86391,87412,1533,26423,50359,7850,12637,172411,44421,57577,2870,9596,40319,376747,23666,9821,88388,4583,97336,12003,214748,218241,4514,4679,7163,19445,7714,340796,376597,22916,5238,5238,796510,32423,8704,12345,4037,106839,7707,7801,2174,5967,10635,1022820,1084534,1088432,83400,86261,89390,95675,24521,25675,5824,3001,10235,7411,169990,176450,1264951,30703,2489,7764,1317289,1317512,1415430,1763685,1764085,15931,316012
170519,228884,71122,80635,80635,32921,48557,556176,9508,9663,33020,598841,13075,31345,31502,3124,16916,4348,15084,6590,4551,4212,7065,4551,97875,98284,99438,1585,27338,52101,8122,13075,187394,45961,77473,2971,12913,54254,429270,31846,13337,120023,6224,132172,16300,291609,296351,5198,4989,7641,20735,8883,428148,466347,31116,7112,7112,958318,58725,13341,18925,6189,113884,10928,11059,3934,10807,19260,1163167,1194223,1196184,94724,97974,101527,106033,35393,37062,6351,3271,11165,8084,187863,192495,1388773,33494,2868,8469,1448901,1449200,1358165,1955425,1955052,21637,429116
146425,196542,63480,71974,71974,26931,39720,470336,7897,8024,27008,505368,8767,26796,26930,2495,13510,3473,12047,5264,3635,3364,5642,3635,79938,80264,81186,1062,18329,34933,5444,8767,140159,30815,63489,1992,10582,44460,321960,26098,11363,102248,5302,112597,13887,248422,252461,4443,4067,6228,16906,7595,360443,391575,26510,6058,6058,728432,43904,11484,16290,5326,87997,8727,8832,2942,8079,14400,886661,910563,912074,71558,74013,76697,80506,25068,26248,4819,2482,8469,6132,142098,146013,1058052,25406,2449,6425,1086700,1086591,948086,1451051,1450484,18430,365564
125321,168217,38092,43188,43188,18488,27267,336172,5938,6034,18541,360747,11810,29865,30015,2791,15114,3885,13474,5887,4068,3763,6314,4068,89317,89680,90713,1432,24695,47062,7336,11810,170163,41515,70755,2682,11792,49547,389958,29085,10719,96476,5002,106242,13102,234397,238209,4953,4108,6293,17077,8465,346578,377390,25011,5716,5716,769830,28342,6311,8952,2928,74875,5597,5666,1899,5214,9296,922249,959100,961426,82728,85564,88668,92030,26362,27606,5241,2699,9210,6668,155326,158784,1120173,27628,2731,6987,1151581,1151466,1181976,1543252,1543377,17389,344928
179790,241329,73831,83708,83708,38660,57022,740949,10757,10931,38774,790654,15629,32086,32248,3531,19116,4913,17042,7448,5144,4759,7985,5144,107256,107716,109021,1894,32676,62276,9708,15629,214154,54934,80854,3553,13477,56620,483281,33236,12652,113869,5904,125397,15464,276660,281160,5319,5224,7999,21709,9093,417277,456770,29522,6747,6747,1017273,73161,14275,20250,6621,131687,11760,11901,4903,13461,23996,1252629,1285775,1287868,101633,105120,108933,114292,45387,47526,7230,3725,12708,9202,213589,219096,1507065,38124,2936,9641,1574181,1574502,1347399,2134109,2133182,20524,407120
95374,128018,40512,45933,45933,19501,28763,306841,5681,5772,19558,331731,9206,29091,29238,2216,11995,3082,10692,4673,3227,2988,5010,3227,76303,76593,77411,1115,19246,36678,5717,9206,139329,32355,61161,2093,10192,42830,320860,25142,8254,74275,3852,81794,10087,180460,183394,4824,3340,5118,13889,8247,274189,299413,19257,4400,4400,667586,28193,6261,8880,2903,61683,6581,6660,1888,5188,9248,787000,810082,811540,67556,69871,72407,76023,19799,20731,4395,2265,7726,5595,129496,133213,944673,23178,2662,5860,963247,962992,957787,1289429,1289407,13385,265555
64582,86686,29817,33805,33805,13590,20045,219731,4878,4958,13630,237441,4879,21554,21661,1526,8266,2126,7370,3219,2225,2058,3453,2225,54089,54288,54853,592,10203,19446,3030,4879,87590,17151,36245,1108,6042,25381,190209,14898,6339,57056,2959,62831,7747,138623,140877,3574,2420,3707,10057,6107,206251,224322,14793,3381,3381,449179,16705,4291,6084,1990,45080,4166,4217,1120,3074,5481,536401,556254,557509,44605,46133,47806,51483,14589,15276,3241,1672,5698,4126,94469,98250,655575,17095,1972,4323,649081,648498,609791,846560,846402,10284,203991
93661,125720,39411,44684,44684,14672,21637,273123,5318,5407,14714,293192,7243,25133,25259,2252,12192,3134,10872,4750,3281,3036,5092,3281,73036,73331,74163,877,15145,28862,4501,7243,122889,25458,55277,1647,9213,38709,277892,22723,8622,77594,4023,85449,10537,188524,191590,4167,3293,5043,13685,7121,280578,305791,20119,4598,4598,595638,26682,5884,8348,2731,66981,5385,5450,1788,4911,8752,730293,761367,763328,62728,64880,67233,69484,22684,23755,4017,2070,7062,5114,119433,121745,885019,21185,2298,5358,905069,904898,906149,1199367,1199370,13988,277420
140146,188117,48207,54656,54656,18166,26792,448921,6153,6253,18220,472642,10190,28927,29074,2661,14402,3703,12839,5611,3875,3587,6014,3875,85582,85929,86912,1234,21309,40609,6330,10190,155394,35823,66096,2317,11017,46285,353531,27170,10909,98189,5090,108129,13333,238562,242442,4797,3457,5295,14370,8199,335151,361018,25457,5819,5819,754818,37834,9164,12999,4251,91787,6633,6712,2536,6961,12410,933977,973010,975475,80133,82878,85887,89584,31160,32628,5401,2781,9490,6872,159803,163602,1139052,28468,2646,7198,1173440,1173363,1133306,1568598,1568287,17699,351055
181591,243747,72558,82265,82265,25528,37649,539496,11233,11415,25603,575953,13700,43486,43705,4391,23765,6109,21189,9260,6395,5919,9925,6395,136956,137528,139152,1661,28644,54587,8511,13700,231004,48153,132384,3114,22064,92706,571117,54416,14344,129107,6696,142176,17533,313680,318781,7212,5828,8924,24221,12324,470686,513640,33472,7649,7649,1289463,54696,12856,18236,5964,117400,13831,13999,3665,10063,17942,1510938,1550567,1553069,142250,147132,152466,159469,31900,33404,8725,4496,15338,11108,257245,264442,1817670,46013,3979,11634,1905102,1905606,2044919,2623292,2623861,23270,461594
150915,202571,56696,64280,64280,26992,39812,453763,8404,8540,27074,489377,12174,34787,34963,3114,16854,4332,15025,6563,4533,4195,7039,4533,101086,101492,102642,1476,25456,48515,7562,12174,184360,42795,72918,2767,12151,51063,410672,29975,11115,100036,5188,110163,13587,243048,247000,5768,5564,8521,23129,9860,393919,436524,25936,5930,5930,875026,46277,10473,14859,4859,109031,10991,11125,3101,8515,15178,1090600,1136258,1139141,97470,100814,104471,109710,36119,37823,6654,3428,11695,8470,196261,201643,1340815,35087,3180,8872,1392866,1392961,1387475,1876754,1876734,18030,357657
86287,115822,31686,35925,35925,11277,16631,266649,4658,4736,11309,282694,8884,28950,29094,2722,14739,3788,13141,5741,3967,3670,6155,3967,86924,87278,88284,1077,18573,35397,5519,8884,148044,31226,59089,2018,9847,41379,323348,24289,7754,69775,3619,76837,9477,169528,172282,4800,2787,4269,11586,8204,250618,271819,18090,4135,4135,655470,22451,5405,7666,2507,58759,4144,4192,1505,4131,7362,770948,797799,799494,66331,68605,71094,74221,22758,23832,4361,2247,7663,5550,128907,132124,931526,22990,2648,5814,948387,948103,981929,1263474,1263605,12576,249464
115110,154511,41151,46656,46656,18707,27590,336778,6218,6318,18764,361860,10912,28232,28374,2914,15775,4053,14062,6143,4245,3929,6587,4245,90266,90646,91724,1324,22817,43486,6777,10912,165038,38360,65549,2481,10927,45904,368301,26945,9569,86135,4466,94853,11699,209275,212679,4682,4267,6534,17731,8002,325930,358562,22329,5106,5106,737679,34055,8624,12234,4000,85566,7971,8067,2282,6264,11170,903698,939660,941930,79117,81828,84799,85742,29917,31326,4712,2428,8282,5996,141811,142780,1084758,24845,2582,6282,1126143,1126293,1133465,1495449,1495479,15526,307959
87993,118111,25667,29101,29101,9478,13981,216009,3489,3546,9507,229062,6800,25137,25264,1938,10505,2700,9366,4093,2826,2616,4387,2826,66483,66737,67454,824,14218,27094,4223,6800,113198,23902,55145,1545,9191,38617,264241,22669,6983,62852,3259,69216,8535,152710,155193,4169,2930,4489,12181,7123,234181,256149,16297,3725,3725,533841,18109,4337,6149,2011,43893,3849,3895,1213,3333,5941,617481,635058,636169,65330,67574,70022,69729,21111,22106,3514,1809,6176,4472,106777,106476,742527,18527,2298,4685,748867,748495,759018,988264,988306,11328,224718
174916,234787,61860,70136,70136,30042,44311,599038,8516,8656,30131,637590,16641,32467,32630,4151,22470,5776,20035,8754,6044,5595,9384,6044,120797,121338,122872,2016,34796,66314,10337,16641,234732,58500,79366,3784,13228,55579,509757,32624,13597,122368,6344,134760,16621,297314,302148,5384,5970,9140,24805,9201,456498,501852,31726,7254,7254,1012038,49380,11065,15695,5133,127656,8427,8529,3308,9086,16197,1268774,1329863,1333724,107175,110853,114872,117274,44508,46608,6787,3497,11930,8639,203205,205674,1539648,35787,2969,9049,1628053,1628844,1557260,2175736,2175371,22056,437509
80682,108297,29156,33056,33056,11218,16545,252140,3734,3795,11251,267186,7072,23515,23635,1726,9351,2401,8335,3640,2516,2327,3907,2516,60318,60543,61182,857,14786,28180,4394,7072,108757,24858,39569,1606,6594,27708,235606,16265,7306,65749,3409,72405,8928,159744,162340,3900,3235,4954,13447,6665,249092,273816,17046,3896,3896,523250,24616,5738,8140,2662,54355,4705,4761,1649,4530,8074,624757,644009,645225,50273,51998,53884,57589,16466,17242,3559,1836,6258,4531,104078,107888,753000,18772,2151,4747,760070,759707,732600,999314,999204,11850,235070
124213,166727,43125,48894,48894,18124,26731,361471,6252,6353,18178,385489,7228,27234,27370,2151,11642,2991,10379,4534,3133,2897,4863,3133,73048,73329,74125,875,15113,28805,4492,7228,122753,25410,66616,1642,11104,46651,296917,27386,9217,82950,4303,91347,11264,201541,204817,4518,3678,5632,15287,7718,301009,328254,21506,4917,4917,685309,31748,8997,12761,4173,69636,6345,6421,2126,5840,10412,810417,831525,832858,71254,73699,76372,78436,25790,27005,4457,2296,7835,5676,132987,135108,967941,23508,2490,5944,995625,995543,949461,1334150,1333961,14952,296575
152214,204315,56645,64224,64224,24550,36207,515583,7475,7597,24619,547284,10638,35004,35182,2932,15872,4078,14154,6184,4270,3953,6630,4270,97465,97848,98932,1289,22242,42386,6607,10638,170459,37391,90503,2419,15084,63377,413905,37202,13765,123888,6424,136431,16824,301005,305898,5803,4931,7553,20499,9920,419878,451758,32120,7341,7341,952068,48188,11487,16295,5329,108238,8665,8769,3229,8866,15808,1156729,1196876,1199411,91856,95005,98452,102774,33659,35247,6123,3154,10761,7794,181100,185543,1385091,32284,3203,8164,1450931,1451361,1416774,1963457,1963316,22330,442941
85193,114354,36780,41702,41702,24221,35725,334942,4397,4467,24293,363640,6530,21137,21242,1750,9483,2438,8454,3695,2551,2362,3963,2551,58452,58683,59329,790,13652,26017,4056,6530,103251,22951,44348,1483,7391,31055,233653,18227,8064,72587,3763,79936,9857,176362,179228,3504,3470,5313,14419,5989,270297,296767,18820,4301,4301,546413,30908,6039,8566,2800,68437,4903,4963,2071,5686,10137,679590,707411,709169,52967,54781,56768,59768,17053,17858,3544,1826,6230,4511,104326,107411,816538,18692,1934,4725,835095,834963,736786,1098720,1098319,13085,259523
119110,159879,44425,50366,50366,24574,36241,384798,6004,6103,24644,415545,7943,24250,24370,2252,12191,3134,10869,4749,3280,3033,5090,3280,72201,72495,73327,962,16604,31646,4933,7943,126750,27913,65986,1806,10998,46208,305843,27125,10304,92732,4811,102119,12592,225306,228968,4022,4115,6301,17103,6873,336949,368454,24043,5497,5497,723183,31658,6510,9233,3018,69364,6207,6281,2122,5826,10384,857901,884967,886676,68602,70955,73528,76324,25731,26945,4503,2320,7915,5733,133604,136477,1023063,23746,2217,6005,1040458,1040175,974984,1389398,1389130,16716,331547
149021,200027,64124,72702,72702,32894,48515,500762,9330,9481,32991,543235,10934,31855,32017,2957,16008,4115,14271,6235,4307,3985,6687,4307,94824,95211,96304,1326,22861,43570,6793,10934,169860,38436,75314,2486,12552,52742,390029,30959,10053,90475,4692,99634,12288,219821,223396,5282,4443,6803,18467,9028,342535,376552,23455,5361,5361,863605,46448,11204,15892,5198,94740,9174,9286,3113,8546,15236,1037819,1066647,1068467,75041,77613,80430,87418,29561,30953,5832,3004,10250,7422,169527,176707,1245133,30747,2913,7775,1279873,1279742,1190691,1732379,1732015,16308,323478
120523,161778,56570,64139,64139,29021,42805,436424,7510,7631,29110,473165,7761,28743,28888,2676,14483,3722,12913,5643,3895,3604,6049,3895,85717,86067,87055,939,16228,30926,4820,7761,139262,27281,71233,1762,11873,49883,325756,29282,11313,101814,5279,112121,13827,247369,251393,4768,4943,7569,20545,8147,379780,417251,26397,6031,6031,789653,44261,10312,14626,4783,100701,7740,7834,2964,8144,14519,981867,1020743,1023200,76812,79445,82326,86981,32567,34102,5526,2846,9710,7033,162610,167394,1190642,29127,2629,7367,1237412,1237560,1175618,1647710,1647455,18351,364017
165087,221593,74573,84549,84549,37780,55723,534056,10153,10319,37891,582266,13043,33294,33462,3853,20857,5361,18595,8126,5613,5193,8712,5613,115303,115803,117229,1581,27269,51971,8099,13043,204971,45847,85227,2961,14203,59683,459753,35034,12551,112953,5858,124387,15338,274434,278895,5523,5085,7785,21132,9435,413818,452746,29284,6693,6693,1031894,49034,14382,20400,6671,98491,10328,10454,3286,9023,16084,1204822,1228529,1230026,100794,104251,108033,114059,35788,37473,6946,3580,12214,8844,204378,210573,1440637,36639,3046,9266,1495818,1495939,1446152,2027551,2027349,20359,403839
195304,262154,73159,82947,82947,36257,53478,657052,10259,10426,36364,703842,14733,31011,31167,3794,20538,5279,18310,8002,5526,5113,8579,5526,111754,112247,113650,1785,30805,58708,9153,14733,212762,51786,81269,3348,13544,56911,475052,33407,13121,118083,6123,130034,16035,286895,291559,5143,6026,9225,25043,8791,446674,492486,30614,6998,6998,1058564,52622,11831,16782,5488,118826,10947,11082,3526,9682,17260,1289273,1335996,1338945,99882,103309,107055,112662,38337,40144,6925,3568,12170,8812,204064,209828,1548867,36510,2837,9233,1612714,1613010,1471498,2172882,2172304,21284,422176
116953,156985,36885,41819,41819,22646,33401,389953,4460,4533,22713,417199,9589,32462,32625,2794,15121,3887,13482,5891,4070,3766,6318,4070,91959,92322,93355,1162,20051,38215,5957,9589,157870,33710,66701,2179,11116,46708,352066,27417,8862,79754,4135,87827,10831,193772,196922,5383,4015,6147,16688,9200,306231,336969,20677,4726,4726,708700,32855,6178,8763,2866,75188,5562,5632,2202,6046,10776,857695,890344,892408,71527,73982,76665,79976,24406,25557,4683,2412,8228,5959,138498,141902,1034245,24693,2970,6244,1057768,1057563,991663,1407718,1407448,14377,285143
135330,181653,65433,74187,74187,29938,44160,541332,9538,9693,30031,581056,13681,24872,24997,3006,16269,4183,14506,6338,4377,4050,6795,4377,88832,89222,90334,1659,28607,54516,8499,13681,182373,48091,74281,3109,12380,52017,423925,30534,10508,94565,4903,104136,12841,229755,233491,4125,5023,7690,20871,7050,363141,401587,24516,5603,5603,896409,50476,12121,17193,5622,102373,9999,10122,3383,9288,16556,1084676,1115601,1117555,88749,91791,95122,100587,33784,35377,6246,3217,10977,7949,183626,189242,1306863,32929,2275,8327,1361058,1361265,1258636,1837911,1837492,17045,338095
214039,287299,73858,83738,83738,32994,48663,550428,9287,9438,33090,592956,16999,30871,31027,3281,17758,4564,15831,6917,4778,4423,7416,4778,100706,101133,102346,2060,35543,67741,10562,16999,216708,59756,75796,3864,12633,53079,488794,31158,12183,109627,5683,120725,14888,266355,270685,5118,6240,9553,25934,8749,429760,476883,28423,6498,6498,1050214,48433,10951,15531,5079,102762,10584,10713,3245,8910,15887,1245704,1281563,1283826,100364,103808,107571,116017,38763,40588,7573,3902,13311,9638,220818,229496,1513378,39931,2823,10098,1575516,1575697,1537385,2129674,2129518,19760,391955
150338,201794,67400,76417,76417,30472,44944,452877,9359,9512,30562,492951,10948,33052,33218,2785,15076,3876,13440,5873,4056,3753,6296,4056,92369,92734,93762,1327,22893,43627,6801,10948,167413,38485,84184,2488,14031,58953,402784,34604,12758,114824,5954,126451,15594,278982,283519,5483,5196,7958,21597,9368,420961,460743,29770,6804,6804,903215,53701,12637,17923,5861,110686,10315,10440,3600,9881,17613,1104931,1138748,1140883,79992,82735,85736,92633,34130,35737,6203,3197,10903,7896,180900,187988,1328870,32709,3024,8272,1373226,1373234,1366156,1858982,1858955,20697,410535
131201,176110,48468,54954,54954,22821,33659,411694,7767,7895,22890,442479,9629,23352,23469,2323,12576,3231,11211,4899,3383,3131,5253,3383,72811,73112,73972,1167,20130,38364,5979,9629,138736,33840,50082,2187,8346,35071,304988,20587,8085,72756,3773,80123,9880,176769,179645,3872,3654,5596,15192,6619,276367,304347,18863,4311,4311,659311,29605,6957,9868,3228,66496,7026,7111,1982,5446,9710,788155,813461,815060,64029,66223,68627,72785,23056,24143,4501,2316,7906,5726,132041,136314,951287,23717,2137,5999,969091,968816,847509,1287881,1287386,13115,260125
50680,68027,15936,18067,18067,10659,15719,139917,1979,2011,10690,152076,3842,15657,15734,1368,7407,1903,6604,2884,1993,1844,3094,1993,44791,44972,45478,467,8030,15305,2386,3842,71151,13502,28026,872,4671,19625,150952,11520,4345,39114,2029,43074,5310,95036,96580,2597,2539,3886,10553,4436,161650,180481,10140,2318,2318,312080,12009,2226,3160,1034,38059,2454,2483,803,2210,3940,394562,417808,419276,33983,35148,36422,39408,6505,6810,2324,1196,4081,2956,67312,70382,489483,12247,1433,3097,477958,477406,465834,617710,617663,7049,139847
174656,234436,58739,66597,66597,27073,39932,532924,9078,9224,27153,568882,14584,32861,33026,3219,17429,4479,15540,6790,4691,4339,7279,4691,101411,101830,103019,1768,30494,58114,9059,14584,201128,51265,91859,3315,15309,64326,480172,37760,14686,132174,6852,145554,17951,321133,326356,5450,6169,9448,25642,9313,486054,533086,34266,7831,7831,1133146,60226,14681,20824,6808,114453,8549,8653,4035,11081,19753,1332624,1360471,1362227,96726,100043,103672,112180,38757,40584,7437,3830,13069,9464,216589,225335,1587519,39209,3003,9916,1632700,1632564,1649103,2218242,2218309,23824,472565
154066,206800,67468,76495,76495,30696,45275,435362,9376,9529,30786,475677,11264,29107,29253,3057,16552,4256,14759,6448,4456,4122,6914,4456,94203,94603,95733,1367,23554,44889,6998,11264,171511,39595,69602,2560,11599,48740,384749,28610,11501,103499,5368,113976,14059,251463,255552,4825,5309,8128,22061,8248,393861,434498,26834,6133,6133,984776,57899,15159,21504,7032,111204,10817,10948,3879,10653,18991,1179465,1205545,1207191,87477,90477,93759,101094,31864,33366,6518,3355,11456,8295,189963,197500,1404774,34366,2662,8690,1464254,1464522,1504140,1980504,1980667,18655,370039
139388,187098,68167,77287,77287,30952,45652,575800,8076,8209,31043,615052,14826,27478,27615,2911,15760,4049,14049,6139,4241,3924,6583,4241,89446,89826,90901,1797,30997,59074,9207,14826,190631,52112,38078,3371,6347,26665,380263,15652,12071,108647,5634,119645,14753,263973,268265,4555,5162,7908,21464,7787,402387,441906,28166,6437,6437,858079,54252,13105,18588,6077,131368,10462,10591,3636,9981,17794,1115409,1171185,1174707,79166,81882,84852,93468,32332,33856,6467,3332,11367,8232,187115,195970,1370710,34099,2514,8622,1421252,1421357,1306936,1920001,1919534,19583,388449
84618,113582,30883,35016,35016,16540,24393,274712,4994,5074,16588,296374,5548,20420,20523,1888,10224,2629,9114,3982,2752,2547,4271,2752,60636,60882,61580,671,11600,22109,3447,5548,98903,19501,43075,1262,7179,30164,218878,17706,6265,56380,2924,62086,7656,136979,139208,3386,3245,4972,13493,5789,224938,249780,14618,3341,3341,489816,21454,5798,8224,2690,48166,4237,4289,1437,3946,7037,577666,593521,594521,50709,52449,54350,57259,13522,14160,3287,1694,5778,4183,96625,99615,693954,17333,1867,4383,688118,687544,607933,902925,902599,10163,201573
180403,242154,68086,77196,77196,30777,45392,593649,8363,8498,30868,633015,15977,36342,36524,2969,16085,4135,14340,6266,4329,4005,6719,4329,99631,100020,101119,1936,33407,63667,9925,15977,208602,56163,82577,3631,13763,57827,483600,33945,13723,123518,6404,136024,16775,300107,304986,6027,4493,6880,18672,10302,425496,459304,32022,7319,7319,913779,44661,12021,17049,5574,130495,9893,10013,2992,8218,14649,1180057,1246757,1250969,89314,92378,95729,104043,37994,39784,7054,3634,12399,8980,205229,213776,1464807,37196,3326,9404,1524718,1524914,1432992,2064412,2064036,22264,441620
213451,286510,92063,104381,104381,40365,59537,666937,15391,15641,40484,723062,17706,34306,34478,3754,20323,5223,18119,7916,5468,5060,8489,5468,114217,114708,116095,2146,37022,70556,10999,17706,235208,62240,83577,4022,13931,58528,526477,34357,14796,133147,6903,146627,18082,323500,328760,5688,8497,13012,35316,9721,544585,609619,34519,7890,7890,1057751,64311,16129,22878,7482,139630,15260,15446,4309,11834,21094,1322031,1369842,1372862,97335,100674,104324,114520,45520,47665,8102,4174,14236,10308,234975,245455,1618397,42709,3137,10799,1687923,1688174,1875075,2601382,2602146,23999,476044
232242,311734,103516,117363,117363,45034,66419,897426,17767,18057,45165,960648,21152,38685,38878,4461,24155,6210,21534,9412,6500,6014,10087,6500,133657,134240,135888,2565,44226,84285,13140,21152,278178,74351,105283,4807,17547,73728,635373,43279,16926,152343,7900,167765,20689,370139,376158,6414,7829,11987,32540,10964,578254,638196,39497,9029,9029,1468738,82371,21765,30871,10094,175445,16248,16445,5521,15156,27019,1791735,1847149,1850648,135447,140093,145174,159426,64423,67458,11331,5836,19913,14418,328666,343315,2194173,59738,3538,15106,2306861,2307530,2309834,3270521,3270531,27462,544676
164635,220986,87079,98731,98731,35283,52040,559920,13445,13663,35387,608970,13143,32919,33084,4355,23574,6058,21018,9183,6345,5869,9845,6345,125580,126150,127759,1593,27479,52368,8163,13143,216165,46193,70859,2986,11810,49621,447352,29129,12212,109898,5697,121022,14924,267007,271350,5458,9425,14432,39178,9329,508537,580704,28492,6511,6511,1038715,52536,12603,17877,5846,146043,13945,14115,3519,9666,17234,1340998,1415211,1419897,97011,100336,103977,119221,39188,41036,8918,4594,15673,11350,254577,270249,1690292,47023,3010,11892,1775889,1776349,1870840,2481454,2481839,19808,392915
170002,228191,88780,100657,100657,37676,55570,611789,10360,10530,37787,660106,13992,33514,33685,4019,21759,5593,19400,8476,5856,5418,9090,5856,119060,119585,121070,1696,29259,55759,8692,13992,215204,49187,74308,3180,12384,52036,459425,30545,15945,143490,7440,158017,19487,348630,354298,5557,7778,11910,32328,9501,552869,612419,37202,8503,8503,1135003,66582,17458,24763,8099,152911,15880,16074,4460,12252,21839,1428129,1484991,1488582,104344,107922,111837,119238,38549,40365,7505,3865,13189,9554,219828,227434,1716469,39573,3064,10008,1842747,1844183,1960241,2622361,2622836,25862,513023
75238,100991,48070,54502,54502,21734,32058,313809,6116,6214,21799,341822,6556,25489,25615,2546,13780,3543,12286,5370,3707,3432,5755,3707,79686,80018,80959,795,13706,26122,4071,6556,124527,23045,49301,1490,8217,34524,262909,20266,7084,63763,3306,70219,8658,154921,157440,4227,5411,8286,22486,7223,296538,337961,16529,3779,3779,577317,30249,7226,10250,3351,62805,9159,9271,2025,5566,9922,697243,717397,718671,70493,72911,75555,80739,14636,15326,4647,2394,8166,5914,135473,140800,859775,24499,2331,6195,942085,943048,951737,1293710,1293744,11493,227975
112028,150374,44643,50615,50615,22046,32516,360125,5496,5585,22112,387822,8850,25881,26011,2711,14673,3772,13080,5716,3949,3655,6129,3949,83582,83937,84937,1074,18506,35264,5498,8850,144471,31107,60196,2010,10031,42154,321374,24745,8868,79808,4136,87888,10837,193903,197056,4291,4686,7176,19470,7336,319216,355087,20692,4729,4729,701734,36778,8117,11514,3765,82193,5909,5980,2465,6768,12065,859439,891486,893511,73526,76050,78807,83734,24024,25156,5099,2627,8960,6489,149447,154510,1047904,26885,2367,6798,1064616,1064240,1107940,1496519,1496698,14385,285338
86870,116604,31362,35559,35559,14190,20929,245343,3464,3520,14231,263056,6422,22734,22849,2307,12490,3210,11137,4868,3361,3109,5218,3361,71859,72160,73014,779,13428,25590,3991,6422,116217,22574,46942,1461,7825,32872,250129,19298,6951,62567,3245,68900,8496,152011,154485,3768,3410,5222,14179,6443,245071,271151,16221,3707,3707,542720,17160,4783,6786,2219,49947,3017,3053,1148,3159,5629,643725,669016,670614,63815,66003,68397,70696,15099,15810,3766,1940,6617,4792,111743,114107,784762,19855,2078,5020,818605,818739,753158,1015077,1014808,11279,223694
89898,120669,32662,37032,37032,13385,19743,245885,4475,4548,13427,263303,6498,22482,22595,1786,9665,2484,8618,3765,2601,2407,4037,2601,60516,60749,61409,787,13587,25893,4035,6498,105121,22841,54104,1476,9016,37887,251854,22239,8177,73594,3815,81043,9994,178801,181709,3727,2885,4415,11985,6372,259668,281688,19078,4363,4363,562242,19708,4728,6707,2194,48139,4233,4284,1322,3626,6464,657334,678102,679414,62610,64757,67106,66671,17501,18325,3222,1661,5664,4102,98106,97659,777353,16992,2056,4295,846180,847068,808150,1070776,1070617,13265,263115
93680,125745,36130,40964,40964,18161,26787,283991,4646,4723,18215,306929,9907,26453,26585,2431,13164,3384,11732,5127,3543,3277,5498,3543,78229,78545,79444,1201,20715,39479,6155,9907,146093,34827,61422,2252,10236,43012,333988,25248,8251,74249,3850,81768,10083,180402,183336,4385,2878,4405,11956,7497,261279,282716,19251,4400,4400,717308,27498,6127,8692,2842,75076,5736,5807,1842,5060,9021,871809,910139,912560,72445,74930,77647,81839,21481,22493,4793,2469,8423,6099,140908,145217,1057427,25268,2419,6390,1034290,1033175,980716,1286736,1286519,13384,265471
70586,94744,24863,28191,28191,14636,21589,197549,5159,5244,14681,216528,6180,21465,21573,1881,10185,2617,9079,3968,2742,2536,4255,2742,61531,61776,62471,750,12923,24629,3840,6180,104049,21726,49967,1405,8328,34990,241070,20539,6444,57991,3006,63861,7874,140895,143187,3560,1768,2707,7352,6083,194008,207369,15033,3436,3436,492053,14614,3375,4788,1566,44322,3847,3895,979,2689,4793,586112,610948,612516,56816,58765,60896,64693,12131,12703,3679,1894,6463,4680,107513,111415,723759,19388,1963,4902,722004,721457,718813,935295,935284,10452,207335
159564,214179,65309,74045,74045,29255,43150,526600,9748,9907,29341,565848,11793,28675,28819,2886,15629,4017,13937,6088,4206,3892,6530,4206,90150,90525,91594,1429,24659,46994,7327,11793,170701,41455,75386,2683,12565,52792,397944,30989,12583,113257,5873,124722,15381,275175,279650,4756,4889,7488,20321,8127,405969,442782,29363,6711,6711,976520,55083,13436,19058,6234,122487,7934,8030,3690,10136,18069,1206338,1251122,1253950,85864,88810,92029,98698,35480,37150,6452,3325,11343,8215,188715,195572,1449411,34030,2623,8605,1476894,1476548,1391455,1955824,1955478,20414,404933
85970,115398,35990,40804,40804,17962,26491,247427,4188,4255,18012,269271,6396,21564,21671,1947,10541,2710,9398,4105,2838,2625,4404,2838,63030,63283,64003,775,13372,25484,3972,6396,107026,22481,46667,1454,7777,32679,240245,19183,7635,68726,3564,75680,9332,166974,169688,3575,2963,4537,12316,6113,247709,269882,17819,4071,4071,541923,24748,5775,8190,2678,60012,4549,4605,1659,4554,8119,659925,685869,687508,57900,59886,62057,60903,18615,19493,2918,1502,5126,3712,89581,88395,775834,15379,1972,3891,785957,785739,788746,1058068,1058080,12387,245708
149676,200907,83318,94463,94463,36774,54239,636907,9423,9577,36882,683366,10208,33441,33611,2871,15543,3996,13857,6054,4182,3871,6492,4182,94594,94969,96032,1238,21342,40673,6341,10208,164699,35879,84522,2320,14088,59190,394399,34746,15367,138304,7169,152303,18782,336024,341486,5545,4325,6624,17984,9478,456505,488954,35855,8196,8196,1104045,63907,15038,21331,6975,122767,9346,9457,4282,11760,20962,1322180,1354672,1356724,83167,86019,89138,99532,27456,28749,6819,3512,11985,8679,195948,206631,1563482,35954,3058,9090,1632170,1632571,1551986,2233954,2233623,24928,494472
165533,222192,64930,73618,73618,29360,43302,457739,7487,7609,29446,494794,16054,33412,33580,3946,21369,5492,19050,8322,5751,5320,8925,5751,117423,117939,119397,1945,33570,63978,9973,16054,227406,56438,83027,3648,13839,58142,503827,34129,12868,115817,6006,127544,15728,281395,285972,5541,5453,8349,22665,9469,429645,471398,30027,6865,6865,1021707,41767,10951,15531,5078,111354,8077,8175,2797,7686,13698,1243824,1295910,1299200,104061,107631,111534,116673,39812,41688,7057,3636,12402,8981,208573,213855,1514003,37211,3055,9410,1717732,1720736,1824353,2320947,2321370,20876,414086
184593,247776,81589,92503,92503,35966,53046,681938,11529,11716,36071,729725,17181,39947,40148,4092,22155,5694,19755,8631,5962,5517,9254,5962,127080,127615,129127,2082,35925,68467,10675,17181,244714,60398,103185,3904,17197,72258,564900,42416,17410,156685,8126,172547,21278,380687,386876,6625,6963,10661,28939,11323,569096,622403,40621,9286,9286,1216651,66567,15187,21541,7044,133530,11782,11926,4460,12247,21834,1462083,1502895,1505473,115496,119455,123790,129151,49565,51900,7976,4109,14018,10153,236225,241736,1748420,42061,3655,10637,2001618,2005455,1822793,2549347,2548599,28243,560196
164827,221243,78111,88561,88561,34766,51279,550965,10093,10255,34870,596090,12620,31912,32071,3283,17770,4567,15842,6922,4782,4425,7422,4782,101796,102224,103437,1531,26389,50291,7841,12620,188341,44364,78060,2869,13009,54664,427385,32088,11705,105344,5463,116008,14307,255944,260106,5293,7273,11139,30232,9044,446062,501755,27311,6242,6242,1024121,56360,13590,19277,6303,128049,10429,10554,3776,10369,18487,1269163,1318197,1321293,92721,95903,99381,111843,30846,32300,7800,4018,13710,9927,223564,236373,1558191,41129,2920,10400,1697837,1699497,1756204,2353278,2353510,18987,376634
160355,215240,69847,79190,79190,24364,35936,593612,8383,8519,24438,626569,10694,30373,30526,2901,15705,4038,14004,6119,4225,3912,6560,4225,92149,92527,93600,1296,22358,42612,6642,10694,165538,37588,63963,2432,10660,44791,364374,26292,12363,111261,5769,122524,15107,270322,274718,5036,4482,6867,18639,8607,393998,428278,28845,6591,6591,837040,51649,13095,18572,6073,110209,8962,9071,3460,9505,16941,1040512,1076577,1078856,80430,83190,86206,89776,30267,31693,5346,2754,9396,6804,158360,162026,1240690,28192,2776,7128,1247569,1246959,1225581,1851779,1851692,20055,397791
113512,152367,50812,57611,57611,22635,33385,331513,5782,5876,22702,360091,10770,23712,23832,2414,13076,3364,11660,5094,3518,3258,5463,3518,75147,75460,76355,1304,22519,42919,6692,10770,148809,37859,64239,2448,10706,44985,348764,26407,9354,84183,4365,92707,11432,204535,207860,3934,4633,7093,19252,6721,325272,359915,21827,4989,4989,715971,33289,11250,15957,5219,95271,6717,6797,2230,6125,10919,902631,946027,948768,78774,81477,84431,82381,26526,27777,3914,2019,6880,4981,120728,118622,1067254,20642,2168,5220,1073058,1072624,1075178,1435311,1435322,15174,300980
81412,109278,42764,48486,48486,19582,28883,303701,4784,4862,19641,328204,8004,22894,23008,2353,12738,3274,11358,4962,3428,3172,5321,3428,72992,73300,74169,970,16738,31897,4972,8004,128019,28138,54546,1819,9091,38198,288199,22421,8561,77035,3993,84832,10462,187168,190210,3797,3221,4933,13387,6489,274476,298484,19970,4565,4565,615651,28161,8648,12266,4011,78342,6196,6270,1886,5182,9235,770836,806892,809168,67194,69500,72021,74056,17310,18125,3940,2029,6923,5014,117270,119363,928068,20770,2093,5251,881262,879801,875868,1204004,1203988,13886,275424
53474,71777,21415,24281,24281,10609,15647,150824,2860,2906,10640,163586,3606,15089,15164,1212,6555,1686,5845,2551,1764,1633,2738,1764,40886,41045,41491,437,7544,14375,2241,3606,65756,12679,34823,820,5802,24385,155349,14314,5328,47965,2489,52818,6514,116532,118428,2500,1948,2981,8092,4276,170433,185110,12436,2844,2844,360478,13428,4444,6304,2061,32646,2825,2859,899,2471,4405,421131,432673,433400,37884,39184,40605,42525,11144,11669,2445,1258,4295,3110,72073,74046,507272,12884,1379,3257,496822,496277,499690,663335,663349,8645,171484
102017,136937,43811,49672,49672,24191,35680,304086,5972,6070,24262,334418,9256,23385,23504,2411,13045,3353,11631,5082,3510,3248,5448,3510,74690,75003,75893,1124,19357,36887,5752,9256,138166,32539,76204,2103,12700,53364,345717,31324,11113,100023,5185,110148,13583,243018,246970,3878,4088,6260,16989,6629,353831,385099,25930,5928,5928,783796,32371,8480,12030,3933,87115,7298,7386,2169,5957,10617,959118,1000358,1002963,79610,82342,85328,89433,24756,25923,5204,2682,9147,6625,153496,157716,1160559,27440,2140,6940,1177619,1177239,1138665,1472413,1472256,18030,357613
78458,105311,32671,37042,37042,17051,25149,241227,4359,4430,17101,261533,5683,20021,20121,1660,8980,2310,8008,3498,2417,2237,3750,2417,55358,55574,56188,688,11886,22648,3530,5683,94425,19979,60397,1292,10068,42296,245001,24829,8683,78148,4050,86058,10612,189867,192954,3319,3677,5631,15283,5674,288623,316749,20260,4631,4631,549106,22061,6439,9132,2985,65970,4246,4296,1478,4059,7236,683033,716841,718976,57238,59200,61348,65497,13419,14050,3821,1970,6718,4863,111553,115815,834718,20153,1829,5096,850326,850103,845300,1106751,1106731,14083,279398
135028,181245,67688,76746,76746,28259,41680,430482,7284,7400,28341,465784,8832,24275,24398,1939,10503,2699,9365,4090,2826,2614,4387,2826,65610,65863,66580,1071,18470,35199,5488,8832,126006,31051,81097,2009,13515,56790,338307,33335,12535,112825,5849,124246,15322,274121,278579,4024,8815,13500,36638,6880,497466,564955,29249,6685,6685,880018,44549,12635,17922,5861,118288,9408,9522,2986,8197,14613,1113591,1166719,1170074,80455,83214,86231,91833,31703,33196,5844,3012,10273,7440,171360,177116,1347050,30819,2221,7793,1364915,1364468,1357226,1822885,1822855,20338,403383
128515,172503,48653,55162,55162,27218,40146,310925,6839,6949,27300,345174,12089,26395,26528,2622,14177,3645,12639,5522,3813,3530,5920,3813,82151,82493,83461,1466,25274,48165,7509,12089,164776,42489,84284,2747,14047,59022,409906,34646,12044,108388,5620,119360,14717,263341,267624,4377,4767,7301,19820,7482,391994,428503,28100,6422,6422,853723,38434,11258,15971,5222,102517,7068,7154,2575,7073,12607,1054304,1099915,1102795,82870,85713,88821,93456,32776,34321,5780,2977,10160,7359,170410,175175,1277728,30483,2414,7707,1278686,1277915,1242087,1586638,1586491,19535,387518
96175,129092,43133,48906,48906,18841,27788,298908,5426,5514,18895,323317,8001,21813,21923,1974,10680,2744,9523,4162,2874,2659,4459,2874,63833,64090,64818,972,16731,31887,4970,8001,118649,28128,55097,1820,9183,38584,279741,22649,9279,83510,4330,91963,11340,202900,206198,3616,4158,6367,17279,6182,314088,345920,21650,4949,4949,633191,29599,9185,13027,4260,75960,6568,6648,1982,5445,9709,776649,806408,808289,65004,67233,69672,72634,18862,19751,4112,2118,7227,5231,121530,124575,932833,21677,1995,5483,956842,956740,935896,1258853,1258767,15053,298577
183357,246116,78198,88658,88658,32737,48283,596008,9874,10036,32835,638879,13241,27827,27966,2868,15524,3991,13841,6048,4177,3864,6485,4177,88874,89249,90308,1604,27687,52763,8224,13241,179383,46544,88460,3010,14742,61947,441334,36363,13737,123638,6410,136155,16789,300399,305282,4616,8464,12962,35183,7886,515247,579326,32055,7328,7328,1000017,59104,13635,19339,6322,130730,10814,10944,3960,10874,19386,1249488,1298366,1301452,90268,93362,96750,105699,43658,45714,7458,3842,13113,9496,216896,226092,1528077,39341,2546,9949,1666602,1668291,1473505,2109002,2108206,22283,442049
180072,241705,73236,83033,83033,30249,44615,615403,9425,9579,30339,655321,10529,26389,26522,2700,14623,3757,13037,5697,3935,3640,6108,3935,83893,84243,85243,1277,22016,41957,6539,10529,156073,37011,82901,2394,13817,58054,385727,34078,11668,105021,5448,115652,14262,255161,259310,4377,8639,13231,35913,7479,475026,541180,27226,6223,6223,902060,64000,14161,20085,6567,122141,10370,10495,4289,11777,20991,1122156,1155639,1157755,85933,88880,92104,100021,35928,37619,6744,3474,11853,8582,196222,204361,1362288,35558,2412,8993,1437196,1437740,1387391,2041840,2041633,18928,375480
174713,234515,71580,81156,81156,24068,35499,552833,8235,8369,24139,585341,8008,24290,24414,2108,11409,2930,10170,4444,3070,2840,4765,3070,69172,69448,70227,970,16744,31911,4973,8008,124102,28151,75746,1821,12624,53043,320355,31135,11729,105560,5474,116244,14334,256469,260638,4028,6880,10535,28593,6884,432799,485125,27367,6254,6254,763372,49809,13498,19148,6261,114677,9173,9285,3335,9164,16338,979336,1021299,1023949,72690,75182,77910,83419,32398,33926,5530,2850,9722,7038,161917,167578,1191115,29158,2221,7374,1162964,1161661,1162301,1747654,1747657,19027,377406
303399,407250,127749,144841,144841,47707,70364,1014049,16004,16263,47847,1078159,18688,43668,43888,4579,24775,6370,22088,9652,6666,6169,10349,6666,141102,141699,143390,2267,39077,74473,11609,18688,269114,65692,137411,4247,22902,96227,660194,56485,20655,185887,9640,204704,25244,451637,458982,7242,11123,17032,46229,12378,741032,826194,48192,11015,11015,1538384,100106,22292,31618,10340,211187,20632,20884,6708,18419,32836,1939067,2012575,2017218,127353,131720,136498,151760,61037,63913,11072,5703,19460,14092,319843,335530,2352608,58382,3994,14762,2406863,2406416,2348486,3425638,3425401,33506,664605
75569,101436,31415,35618,35618,13558,19997,222538,4175,4243,13599,240380,5391,18680,18773,1570,8504,2186,7582,3313,2288,2119,3550,2288,52141,52345,52927,654,11272,21481,3349,5391,88884,18948,40823,1224,6803,28588,203325,16781,6168,55507,2878,61129,7537,134867,137060,3096,3208,4910,13329,5294,221121,245674,14392,3290,3290,465793,22813,5981,8485,2774,47893,4758,4816,1529,4198,7481,553828,568523,569452,47018,48628,50393,53231,12582,13175,3081,1587,5412,3921,90417,93333,662715,16239,1706,4106,673733,673517,639981,879779,879642,10005,198464
79772,107076,25811,29264,29264,17147,25292,191144,3903,3966,17199,212309,8875,21859,21971,2073,11226,2884,10007,4375,3020,2795,4689,3020,66016,66288,67054,1076,18556,35366,5513,8875,126758,31198,51213,2017,8536,35864,288600,21054,8089,72811,3774,80182,9887,176899,179777,3625,2919,4469,12131,6195,258211,280475,18876,4314,4314,596754,16402,4429,6283,2053,41264,3998,4047,1098,3019,5380,678011,695584,696694,61277,63379,65678,68462,17798,18636,3874,1994,6808,4928,114524,117383,813966,20425,2001,5165,823274,822917,813689,1025836,1025800,13125,260318
