3597,963,963,3797,3113,59247,52102,111573,111573,11302,49446,100911,100911,23529,25742,255884,255884,258375,258382,150116,150116,245950,246046,43940,44904,45867,11933,11388,82138,584794,584794,10094,2905,26405,22431,49082,58264,16286,14192,29213,43665,1645,19088,14193,34929,3290,38255,189162,190193,15731,11273,58727,63090,76893,81679,113750,176357,176357,1191519,40563,67435,70833,20280,16311,26098,26098,1396244,1421608,8144,36199,36199,8144,43684,11040,10804,54351,6705,8446,14679,67027,15182,33366,15774,285995,363287,363287,17550,17550,17314,17260,38394,38394,47125,47134,879,1899413,1897371,1561,7719,11558,5287,5287,19265,19265,5647,5647,40967,3049,12110,31997,31307,31307,81098,81118,2031562,84322,124738,19191,22838,1849,3083,9995,10545,37567,37567,47436,50842,9457,235676,235676,248513,41634,302286,9723,95305,27763,27763,2430207,2430179
3320,803,803,3332,2679,48637,42772,91593,91593,9807,42907,87567,87567,20204,22105,216441,216441,217879,217883,128219,128219,211815,211900,36617,37420,38223,10030,9572,68709,499966,499966,8843,2545,23711,20142,44074,51957,14236,12406,25536,38168,1383,16048,11933,29366,2766,32163,164594,165478,12914,10408,52843,56743,69086,73366,93031,144235,144235,1029323,33175,56989,59861,16586,15233,24374,24374,1207200,1230904,7544,33537,33537,7544,41106,10229,10237,51347,6460,8137,14144,64582,14196,31197,14122,261935,331129,331129,15570,15570,15579,15579,36201,36201,43803,43811,781,1673722,1673791,1526,7550,11304,4411,4411,17054,17054,5105,5105,36766,2997,10755,27784,27772,27772,72893,72912,1794617,69738,103163,15349,18206,1589,2650,8057,8501,30220,30220,38314,41064,7638,196475,196475,206255,35754,251258,9369,91831,26135,26135,2152384,2152372
3958,1178,1178,4416,1537,75975,66818,143080,143080,13957,61066,124623,124623,34862,38142,310618,310618,314972,314984,192887,192887,316913,317037,53741,54920,56098,14087,13444,98915,742990,742990,17947,5165,39374,33445,73184,90553,21769,18967,39042,58359,2270,26351,19592,48211,4542,52806,285329,287277,20174,12409,87689,94612,116504,124098,160495,248832,248832,1755394,57231,96962,101850,28615,21882,35011,35011,2089591,2149815,10978,48788,48788,10978,70710,14879,18809,91766,8376,10555,18345,83768,16377,35993,23693,398558,514658,514658,22649,22649,26580,27419,43385,43385,66201,66223,1131,2935630,2969446,2170,10739,16074,5304,5304,21903,21903,6740,6740,60094,3199,14276,38583,36873,36873,118400,118448,3219355,113807,168353,24869,31522,1900,3167,12280,12954,49653,49653,59791,64085,11920,333101,333101,350518,46259,413243,12948,126939,29562,29562,3707542,3707460
4263,1239,1239,4696,3512,75018,65977,141277,141277,14163,61966,126459,126459,36245,39654,326721,326721,331342,331355,215780,215780,351371,351507,56464,57700,58939,14953,14272,104389,819619,819619,19055,5485,41824,35525,77738,95924,23287,20291,41769,62433,2473,28686,21328,52485,4944,57487,303885,305924,19919,13368,95593,103156,127064,135361,162005,251170,251170,1910994,57768,99448,104464,28887,22869,36589,36589,2266096,2334911,11657,51802,51802,11657,73922,15799,19556,95623,8980,11316,19666,89796,17536,38545,27199,448357,581623,581623,24883,24883,28640,29445,45466,45466,70150,70172,1245,3193909,3226239,2515,12448,18636,5663,5663,23355,23355,7077,7077,67785,4289,15927,41470,39172,39172,132932,132988,3546827,117037,173131,26033,33015,1958,3262,12704,13402,51789,51789,64148,68755,12786,351178,351178,372676,49229,442230,15250,149524,32383,32383,4038854,4038722
3236,847,847,3375,2195,57594,50655,108465,108465,10448,45720,93306,93306,22091,24171,226698,226698,226491,226490,132135,132135,221546,221637,38586,39431,40278,10271,9803,71498,554787,554787,13897,3999,26351,22381,48978,62162,14935,13012,26787,40038,1531,17773,13214,32516,3064,35616,199686,201164,15293,10139,64039,68997,84672,90110,96213,149169,149169,1270276,34309,52564,55216,17154,15622,24994,24994,1489099,1536175,8174,36332,36332,8174,51146,11080,13465,65974,6441,8114,14103,64403,12779,28086,16529,286971,367961,367961,15471,15471,17856,18366,33799,33799,47166,47179,775,2087765,2108281,1879,9304,13929,4197,4197,17504,17504,5307,5307,42527,3061,11443,29840,30423,30423,85669,85697,2256162,72535,107299,17000,19308,1737,2893,8614,9086,31984,31984,40540,43453,8082,196792,196792,199686,39570,241994,9349,91673,24074,24074,2649757,2649793
5100,1416,1416,5488,2199,91049,80075,171467,171467,17484,76493,156106,156106,37468,40996,374929,374929,382471,382492,238083,238083,397266,397424,64583,65997,67413,16995,16221,119073,905590,905590,12065,3471,36168,30722,67227,78315,25122,21892,45060,67355,2109,24473,18196,44775,4218,49044,259314,260557,24177,15994,79282,85105,103511,109896,156515,242657,242657,1625764,55811,98125,103073,27905,21981,35169,35169,1873417,1887295,11086,49271,49271,11086,64530,15028,16525,81913,9368,11806,20518,93685,19489,42832,22478,401027,511177,511177,23749,23749,25248,25622,48872,48872,68896,68916,1186,2608325,2621219,2399,11863,17757,7487,7487,23059,23059,7526,7526,57289,3564,16279,44186,40756,40756,113796,113831,2832791,113200,167455,24263,31063,2058,3431,13273,14002,50548,50548,67459,72303,13448,324853,324853,341519,50952,408230,12858,126052,38352,38352,3262393,3262250
3550,920,920,3685,4160,55551,48855,104615,104615,10430,45628,93115,93115,21467,23487,243938,243938,245698,245702,147067,147067,240774,240867,41910,42828,43748,12002,11455,80229,559681,559681,12091,3479,25444,21616,47295,58208,14625,12741,26229,39208,1638,19002,14128,34767,3275,38081,188979,190202,14751,11134,58783,63167,77025,81832,119245,184875,184875,1205551,42520,69189,72677,21261,14746,23593,23593,1423335,1454519,7703,34244,34244,7703,44003,10444,11311,55909,5521,6959,12091,55206,13236,29090,17066,285103,368726,368726,15275,15275,16135,16407,29570,29570,47482,47499,763,1959155,1965497,1894,9372,14034,5256,5256,18457,18457,5224,5224,46502,3320,11428,29229,29522,29522,90423,90456,2101474,88296,130614,18569,23836,1713,2854,9657,10187,38471,38471,48762,52261,9721,222270,222270,226312,44849,274985,8473,83060,26651,26651,2447754,2447715
3970,1419,1419,4903,4231,87751,77174,165254,165254,16854,73749,150509,150509,32617,35686,374096,374096,380740,380759,207856,207856,345701,345839,64697,66115,67534,16827,16060,118680,807363,807363,16968,4884,35919,30511,66762,82551,21243,18509,38100,56953,1896,21994,16353,40242,3791,44077,261043,262815,23301,12446,76794,82713,101426,107918,122898,190539,190539,1651511,43824,72624,76284,21911,18749,29997,29997,1910235,1957072,11332,50367,50367,11332,66132,15362,16954,83993,8959,11287,19616,89579,18364,40363,22496,394667,504908,504908,22657,22657,24246,24588,50098,50098,68636,68654,1133,2674606,2688296,2364,11692,17504,5562,5562,23260,23260,7241,7241,57533,3517,15528,41889,42445,42445,117576,117615,2902255,90714,134192,20635,25585,1874,3128,10761,11350,41558,41558,50770,54418,10123,242465,242465,245974,51586,300879,10974,107589,27838,27838,3360286,3360308
3812,1327,1327,4637,3221,84872,74643,159834,159834,15146,66259,135222,135222,33435,36581,344479,344479,349995,350010,218106,218106,350742,350875,60485,61811,63138,15652,14937,110710,793305,793305,16728,4816,30110,25577,55967,71420,20535,17892,36831,55053,1757,20395,15162,37317,3514,40870,242895,244627,22537,11951,73400,79051,96919,103119,144034,223311,223311,1663106,51362,89269,93771,25680,24478,39162,39162,1965558,2015512,12193,54184,54184,12193,69511,16527,17817,88279,8566,10794,18760,85661,21480,47212,24109,416551,534683,534683,24630,24630,25618,25976,55665,55665,77406,77429,1231,2758640,2765705,2090,10345,15486,6972,6972,22039,22039,6558,6558,56139,3725,16692,45154,43773,43773,116772,116810,2916382,102496,151621,23797,29183,1952,3253,12135,12801,46867,46867,64359,68982,12831,299803,299803,316653,49842,382427,11947,117124,37418,37418,3409867,3409822
3294,1346,1346,4405,2136,90054,79202,169594,169594,15790,69081,140982,140982,42217,46190,351102,351102,357560,357578,200302,200302,331419,331550,61324,62665,64011,15354,14656,110684,880655,880655,12369,3561,29531,25086,54891,65549,22896,19948,41066,61383,1606,18634,13853,34091,3209,37340,225110,226305,23913,10326,62738,67558,82799,88087,111210,172419,172419,1466283,39658,68558,72013,19828,17781,28449,28449,1650134,1663049,8993,39959,39959,8993,42283,12187,9840,50782,7666,9661,16794,76679,15395,33834,17324,314362,399251,399251,17954,17954,15562,15047,42708,42708,45321,45324,897,2122732,2102131,1539,7625,11415,5747,5747,19398,19398,6113,6113,41444,2930,12248,32692,31571,31571,81363,81382,2226695,82511,122057,18769,19650,1795,2994,9765,10300,33210,33210,47263,50657,9424,214031,214031,227052,41128,280493,9000,88229,30207,30207,2589376,2589339
3591,856,856,3581,3940,51127,44967,96285,96285,9958,43566,88911,88911,19589,21432,229142,229142,230657,230661,141130,141130,232057,232147,39035,39890,40746,11026,10524,74257,481355,481355,10902,3138,27181,23087,50522,60421,15048,13111,26989,40344,1506,17470,12989,31966,3012,35012,186073,187184,13575,11255,60142,64637,78856,83787,107304,166361,166361,1153790,38264,63792,67010,19131,14536,23259,23259,1375346,1415259,7515,33393,33393,7515,34794,10187,7991,41529,5983,7538,13102,59833,12097,26588,14574,257904,329316,329316,19337,19337,17143,16673,28493,28493,44238,44253,967,1800740,1781852,1509,7463,11174,4159,4159,16893,16893,5936,5936,34875,2704,9667,24950,22353,22353,63692,63708,1893483,80872,119634,18932,22612,1836,3058,9690,10222,37002,37002,45700,48982,9110,228839,228839,237566,35098,280915,9297,91134,36778,36778,2228286,2228215
5652,1537,1537,6014,3227,98613,86730,185716,185716,18555,81173,165658,165658,38293,41894,405041,405041,414539,414565,221502,221502,364445,364589,70112,71649,73186,18216,17387,128558,906693,906693,15941,4587,33007,28039,61350,76235,24397,21258,43760,65409,1699,19716,14660,36071,3400,39511,258558,260229,26186,17716,79349,85019,102941,109160,128451,199153,199153,1794058,45806,77170,81063,22902,21224,33959,33959,2074927,2127400,12985,57711,57711,12985,67401,17604,16450,83146,10066,12684,22049,100679,26478,58193,25052,453652,576405,576405,24971,24971,23786,23534,70273,70273,67551,67547,1249,2853801,2843619,2200,10884,16295,6110,6110,22409,22409,8440,8440,56486,3020,17479,49217,50161,50161,122653,122688,3030401,94683,140060,21139,23804,1850,3083,11069,11678,39371,39371,54151,58039,10795,261081,261081,297171,44896,376193,15717,154093,58388,58388,3582154,3582118
6234,1207,1207,5660,2502,76877,67611,144776,144776,13700,59934,122313,122313,30995,33912,314508,314508,319865,319878,198789,198789,325295,325422,55093,56301,57508,14353,13700,101135,724507,724507,17340,4991,49804,42305,92571,108584,21682,18891,38888,58129,2402,27895,20740,51039,4808,55903,301320,303115,20412,19545,77839,83203,100154,106035,183576,284613,284613,1603434,65461,117207,123116,32731,22603,36166,36166,1914007,1942692,11114,49394,49394,11114,58014,15066,14231,71849,9072,11430,19867,90720,20590,45250,21444,388292,493367,493367,25816,25816,24896,24748,69198,69198,65267,65262,1291,2577381,2568929,1740,8612,12892,7827,7827,21131,21131,6921,6921,52284,3774,17453,47476,47072,47072,112798,112831,2764998,130710,193359,27254,34051,2241,3734,14903,15720,55560,55560,79922,85661,15932,372734,372734,389288,45915,450857,12304,120637,61441,61441,3317553,3317472
3469,900,900,3605,1389,60587,53282,114099,114099,10591,46340,94573,94573,26759,29276,240288,240288,242529,242536,176883,176883,294984,295102,41014,41912,42812,11673,11141,78293,644346,644346,11346,3266,23649,20090,43959,54456,18636,16239,33425,49964,1540,17872,13285,32697,3079,35812,196243,197421,16088,10881,67377,72573,89003,94703,130198,201858,201858,1291466,46428,76205,80046,23213,16152,25840,25840,1512058,1536401,10154,45137,45137,10154,64950,13767,17232,84165,8196,10328,17950,81956,20480,45012,18637,346250,437565,437565,22385,22385,25852,26595,57599,57599,58951,58952,1120,2219444,2249282,1771,8771,13133,8442,8442,18593,18593,5481,5481,48522,2966,15039,41539,44104,44104,105744,105774,2372672,96290,142441,22537,28707,2092,3488,12259,12932,46992,46992,55206,59170,11008,269655,269655,291087,43705,355061,12651,124048,31375,31375,2835310,2835260
3822,1226,1226,4438,7265,74186,65245,139709,139709,15203,66516,135745,135745,31615,34589,350528,350528,351249,351252,196719,196719,320109,320234,55864,57088,58314,17235,16451,110704,796329,796329,14496,4172,33040,28066,61412,74851,21064,18353,37781,56473,1794,20831,15489,38115,3590,41748,241987,243494,19700,11982,70484,75865,92876,98778,123712,191802,191802,1528143,44115,72805,76474,22055,19502,31203,31203,1760889,1792708,9766,43406,43406,9766,51453,13238,12629,63723,8146,10264,17839,81454,17534,38539,19483,349225,444683,444683,18418,18418,17801,17668,46594,46594,53519,53525,922,2359936,2354624,1705,8432,12626,6627,6627,21786,21786,7033,7033,47136,2727,13494,37127,36430,36430,93148,93170,2501978,92801,137281,22492,26890,2092,3486,10955,11555,43257,43257,53416,57252,10649,253915,253915,274537,43619,337657,10632,104237,34222,34222,2993113,2993129
3820,993,993,3977,3227,60845,53511,114586,114586,11727,51308,104708,104708,24768,27097,264625,264625,268382,268394,171347,171347,281794,281906,45356,46351,47344,11686,11152,82861,602246,602246,11729,3376,28792,24456,53516,63826,17689,15412,31726,47424,1633,18934,14077,34643,3261,37943,203589,204746,16157,11978,63764,68531,83591,88814,116112,180019,180019,1256752,41403,68098,71530,20702,17278,27641,27641,1472390,1501757,8877,39462,39462,8877,47995,12037,11911,59835,6359,8011,13926,63586,16519,36306,17357,304126,389176,389176,17551,17551,17426,17400,31132,31132,46000,46014,879,2012373,2011300,1526,7554,11311,4918,4918,16260,16260,6352,6352,38091,2543,10232,27110,25889,25889,72639,72656,2101978,88721,131247,20308,35935,2111,3520,11780,12426,56600,56600,48195,51656,9608,250668,250668,289327,39902,365782,10151,99534,33435,33435,2500991,2500891
3958,800,800,3660,1688,55728,49014,104953,104953,10187,44572,90960,90960,19995,21876,226621,226621,226638,226638,143336,143336,234706,234799,36484,37285,38085,11261,10747,72310,520470,520470,10254,2952,24301,20641,45169,54611,14687,12796,26343,39376,1591,18472,13734,33798,3184,37019,179309,180368,14797,12408,61387,65890,80132,85074,128020,198482,198482,1133660,45650,71672,75284,22825,13799,22076,22076,1343422,1367152,7098,31548,31548,7098,32642,9620,7587,39175,5741,7234,12576,57416,12248,26917,14779,258224,330638,330638,16977,16977,14822,14359,31064,31064,40934,40944,851,1746419,1727874,1472,7287,10909,4846,4846,18305,18305,6077,6077,39047,2966,10573,27269,25665,25665,72759,72777,1812124,96185,142285,23617,29085,2265,3776,13347,14079,48592,48592,50278,53889,10022,282789,282789,293700,36753,340773,9061,88846,30378,30378,2297393,2297418
4035,988,988,4075,1962,55750,49032,104989,104989,10607,46413,94719,94719,20834,22795,233484,233484,236254,236263,149149,149149,242856,242949,45032,46019,47007,8868,8464,73964,528764,528764,12177,3505,25808,21920,47967,59660,14898,12983,26723,39946,1648,19117,14215,34980,3296,38313,194443,195755,14803,12654,59959,64310,78066,82838,129818,201267,201267,1147763,46291,78938,82918,23147,16880,27007,27007,1367544,1389380,8571,38090,38090,8571,50507,11618,12999,64292,6608,8329,14474,66082,14786,32499,16835,296684,379182,379182,20866,20866,22248,22542,45044,45044,53059,53066,1043,1939234,1951117,1786,8840,13232,7043,7043,22127,22127,7225,7225,48252,3740,14446,37949,39456,39456,97426,97447,2035565,97017,143517,22300,29485,2158,3596,12191,12858,48110,48110,53640,57492,10694,277869,277869,297053,48243,363435,10089,98916,40206,40206,2535303,2535299
4361,1176,1176,4625,4673,73031,64228,137535,137535,14440,63181,128938,128938,29459,32230,325404,325404,326909,326914,181637,181637,301242,301364,53705,54883,56059,15431,14727,102963,756376,756376,12661,3643,31927,27120,59343,71439,20575,17926,36900,55155,1853,21489,15976,39317,3702,43064,233308,234665,19392,13673,68183,73196,89050,94549,137565,213280,213280,1464109,49054,76231,80074,24526,19306,30891,30891,1696267,1721984,9770,43426,43426,9770,52196,13245,13029,65284,8241,10382,18044,82396,18598,40874,19551,353316,449114,449114,19399,19399,19012,19036,49455,49455,53648,53653,972,2298024,2293725,1833,9078,13588,7014,7014,22517,22517,7451,7451,48626,3196,14513,39345,38883,38883,97052,97074,2423708,103583,153231,23533,31588,2413,4022,13707,14459,52505,52505,56579,60643,11278,298147,298147,307598,44713,361248,11921,116877,37610,37610,3003127,3003191
4646,1129,1129,4677,2588,66139,58167,124556,124556,12681,55476,113215,113215,26781,29301,281403,281403,286968,286984,188146,188146,311746,311871,51521,52650,53779,11399,10880,88426,655075,655075,16740,4818,35492,30148,65971,81543,20025,17446,35912,53682,1957,22737,16903,41599,3919,45564,256258,258005,17563,14564,71243,76458,92940,98659,141699,219686,219686,1547568,50527,83720,87941,25263,20409,32653,32653,1843649,1897501,10302,45783,45783,10302,44006,13964,9629,51158,7831,9869,17152,78320,19374,42579,20055,356885,455157,455157,20787,20787,16449,15524,42259,42259,59389,59405,1038,2386410,2349090,1873,9261,13863,6392,6392,20002,20002,7540,7540,46317,2433,12349,34113,33014,33014,89482,89505,2500796,104429,154482,23586,28243,2134,3558,12804,13506,46713,46713,59584,63862,11878,316201,316201,332347,40933,388546,12749,124995,41372,41372,3025767,3025739
5566,1359,1359,5613,6513,67675,59519,127448,127448,14158,61947,126418,126418,29119,31859,322842,322842,322682,322682,190157,190157,311876,311997,62006,63365,64724,11349,10830,99217,737585,737585,16435,4731,36271,30809,67417,82052,21375,18623,38336,57304,2174,25232,18759,46164,4348,50563,263404,265045,17971,17450,82149,88099,106913,113441,159710,247613,247613,1634638,56949,98049,102992,28476,23231,37167,37167,1943849,1989019,11719,52093,52093,11719,69352,15888,18087,88971,9261,11667,20281,92603,22191,48774,24629,431188,551874,551874,23366,23366,25369,25943,52677,52677,58261,58267,1168,2738174,2749215,2004,9917,14845,7473,7473,23202,23202,8931,8931,54814,3206,15069,41108,40649,40649,107932,107960,2927106,116766,172729,25996,33922,2332,3889,13951,14716,54923,54923,67364,72201,13429,339228,339228,364423,47661,435908,14273,139940,55430,55430,3622235,3622298
4209,959,959,4108,2458,64825,57011,122081,122081,12965,56726,115766,115766,24873,27213,263330,263330,282095,282151,171933,171933,280703,280812,43794,44756,45715,13826,13195,87743,645593,645593,9561,2751,25767,21887,47895,55942,18600,16208,33361,49867,1646,19114,14209,34972,3294,38303,191362,192265,17214,13195,62351,66873,81166,86126,126301,195814,195814,1267396,45037,73026,76707,22519,16398,26236,26236,1480298,1503201,8473,37658,37658,8473,43925,11485,10693,54168,6368,8025,13949,63690,17600,38687,17133,303969,387918,387918,21419,21419,20626,20459,34933,34933,50954,50971,1071,2000725,1993905,1811,8962,13415,5481,5481,19279,19279,9631,9631,43687,2933,12213,32579,30805,30805,82118,82133,2088408,92784,137255,19963,25555,1983,3305,10933,11533,42083,42083,52243,55995,10415,259517,259517,273487,43067,329765,11054,108375,44401,44401,2641500,2641571
2754,490,490,2413,2659,30952,27221,58289,58289,5872,25693,52436,52436,11065,12107,136144,136144,134200,134194,76293,76293,124290,124338,22352,22843,23333,6720,6414,43756,287735,287735,5355,1541,13770,11698,25596,30389,8132,7086,14584,21801,996,11567,8600,21162,1995,23180,100571,101110,8218,8636,36606,39180,47313,50136,74386,115328,115328,631581,26525,40693,42747,13263,7140,11425,11425,747725,759708,3938,17505,17505,3938,24391,5339,6397,31390,4972,6265,10889,49720,7298,16040,6564,143006,175174,175174,15843,15843,16901,17129,29060,29060,29042,29041,791,1036010,1045115,944,4677,7003,4587,4587,16234,16234,5777,5777,34272,2207,9604,25842,24213,24213,64773,64789,1059018,59239,87630,14269,16515,1516,2526,6956,7337,27058,27058,33736,36160,6726,150485,150485,150939,35867,187236,5783,56704,27489,27489,1303861,1303834
3827,1037,1037,4063,4099,59834,52622,112681,112681,11552,50537,103132,103132,22908,25065,264277,264277,261393,261385,145055,145055,238848,238941,47286,48322,49359,11091,10585,83069,578178,578178,12397,3568,27395,23273,50924,62851,16258,14165,29158,43588,1661,19272,14327,35260,3322,38620,203782,205119,15888,11998,63474,68209,83180,88372,122125,189340,189340,1228923,43550,73411,77111,21773,19431,31086,31086,1452442,1479451,9801,43549,43549,9801,60831,13282,15968,78333,7985,10058,17483,79827,15775,34672,19466,343564,438955,438955,18786,18786,21473,22045,44265,44265,47385,47388,939,2124960,2148079,1876,9289,13904,6812,6812,21175,21175,6497,6497,47568,2564,12990,35872,35780,35780,94074,94099,2285623,91596,135496,20460,23924,1899,3166,10890,11488,39623,39623,50724,54367,10112,259555,259555,274717,41440,330495,11211,109903,33072,33072,2848749,2848839
3581,819,819,3501,3470,49029,43116,92328,92328,9373,41011,83693,83693,19196,21003,214637,214637,214046,214043,121229,121229,199016,199092,37361,38181,39000,10252,9784,70163,468045,468045,10294,2962,22957,19501,42671,52214,13216,11514,23701,35430,1340,15545,11555,28438,2681,31147,165987,167057,13018,11227,49607,53137,64296,68169,97616,151343,151343,1003651,34808,57235,60121,17406,13065,20906,20906,1181548,1205668,6786,30163,30163,6786,37216,9200,9339,46668,5347,6736,11711,53472,10925,24008,13478,236067,302107,302107,15415,15415,15514,15572,30693,30693,44537,44550,770,1617259,1618083,1060,5247,7856,4517,4517,17140,17140,5415,5415,36164,2231,10350,28170,24974,24974,68594,68612,1681590,73896,109311,16495,18971,1668,2777,8325,8781,31277,31277,40838,43770,8141,190674,190674,195614,35471,235758,7999,78415,28694,28694,2017648,2017641
2362,475,475,2180,2509,32493,28576,61192,61192,6272,27441,56001,56001,12829,14035,145561,145561,141461,141450,87769,87769,145087,145146,21667,22143,22618,7439,7101,45231,323910,323910,4331,1247,13334,11328,24785,27579,9106,7936,16334,24417,946,10983,8165,20092,1893,22008,93057,93370,8628,7403,32251,34535,41758,44266,60686,94087,94087,609370,21640,34738,36491,10819,6539,10464,10464,702984,710654,3615,16073,16073,3615,19423,4903,4808,24175,3165,3989,6934,31664,6383,14026,6431,121363,152878,152878,12017,12017,11920,11902,23602,23602,25382,25382,600,923533,922712,670,3317,4965,3497,3497,13634,13634,4714,4714,26699,1876,7741,20618,19019,19019,49697,49705,942522,50672,74958,13162,14261,1473,2455,6321,6668,23716,23716,24752,26529,4933,142669,142669,135802,32226,161536,5080,49808,14515,14515,1120543,1120495
3676,1019,1019,3952,3020,63246,55622,119105,119105,11389,49828,101690,101690,25107,27470,264593,264593,266926,266933,141302,141302,229787,229876,46466,47485,48504,12159,11603,85458,603427,603427,10675,3073,23004,19541,42758,51772,14891,12976,26708,39923,1394,16162,12016,29569,2783,32388,171073,172085,16792,11521,50968,54598,66069,70049,106442,165027,165027,1090688,37957,62076,65206,18978,13939,22299,22299,1254864,1265529,7255,32245,32245,7255,32057,9836,7161,37694,5593,7046,12248,55922,11934,26227,14457,252236,323066,323066,17709,17709,15038,14464,35150,35150,60043,60069,885,1644169,1621173,1134,5610,8398,4521,4521,18086,18086,4786,4786,35033,2426,10872,29415,27420,27420,68715,68730,1664907,79533,117653,18631,20880,1686,2812,9357,9871,34244,34244,47296,50692,9429,207374,207374,216045,37561,261805,6860,67252,29301,29301,1976615,1976567
2997,1174,1174,3906,4494,67101,59013,126367,126367,15167,66356,135419,135419,25871,28303,314640,314640,317466,317474,175981,175981,295174,295293,53527,54699,55873,14544,13881,100082,683243,683243,8374,2410,28064,23837,52160,59431,21248,18516,38112,56970,1847,21413,15920,39174,3690,42908,206449,207264,17820,9393,55172,59383,72696,77315,89222,138329,138329,1337823,31816,50758,53318,15907,15335,24537,24537,1534981,1573645,8447,37539,37539,8447,32207,11450,6503,35884,5597,7052,12257,55966,19124,42034,14931,273671,346826,346826,16057,16057,11110,10051,33277,33277,43694,43704,804,1904384,1861808,1605,7948,11899,4791,4791,18606,18606,6055,6055,38572,2349,10630,28808,27933,27933,73983,73999,1942458,66180,97898,14949,19570,1665,2775,7888,8320,32060,32060,35137,37659,7004,182319,182319,196084,39615,248717,9648,94590,23911,23911,2336261,2336286
3535,837,837,3517,4304,48317,42494,90993,90993,10083,44108,90016,90016,18979,20764,225929,225929,228822,228832,123256,123256,204375,204456,38228,39068,39905,11148,10641,73789,516983,516983,9142,2632,23475,19938,43630,51749,14264,12428,25589,38247,1676,19461,14472,35610,3354,39003,172171,173082,12830,11082,52411,56212,68229,72400,92289,143084,143084,1078644,32909,51861,54476,16455,13163,21059,21059,1256516,1285128,7888,35057,35057,7888,38288,10693,9021,46355,5219,6578,11433,52204,13847,30433,13499,241475,307622,307622,19200,19200,17528,17171,36937,36937,42353,42360,960,1663605,1649221,1284,6353,9512,4394,4394,19875,19875,4936,4936,41426,2756,12213,32968,32198,32198,83641,83663,1705005,70133,103749,15043,18487,1733,2887,8308,8763,31179,31179,36844,39489,7344,196829,196829,206756,38153,254293,9020,88445,24643,24643,2035612,2035574
3781,1103,1103,4174,3510,68034,59835,128126,128126,12680,55480,113222,113222,27354,29927,291202,291202,295560,295573,168262,168262,282047,282161,50353,51458,52561,13243,12637,92812,658694,658694,10870,3128,27200,23104,50557,59151,19841,17289,35588,53195,1808,20988,15605,38403,3617,42063,204856,205819,18066,11851,67043,72121,88172,93741,149763,232189,232189,1460727,53405,94932,99718,26703,22158,35452,35452,1760293,1805824,10179,45246,45246,10179,52826,13801,12865,65158,10070,12687,22051,100695,21708,47711,19013,372143,465315,465315,21562,21562,20629,20427,56748,56748,61153,61158,1078,2398854,2390818,2014,9956,14907,6174,6174,21503,21503,5846,5846,41461,4053,16534,43929,41191,41191,89160,89174,2549071,110753,163837,20551,28129,2165,3609,11378,12001,46028,46028,66840,71640,13325,323795,323795,337618,46158,396847,11757,115250,35070,35070,3084600,3084588
2773,757,757,2955,4629,41214,36246,77614,77614,8881,38852,79288,79288,17080,18686,201928,201928,201648,201646,133774,133774,213986,214066,34438,35191,35948,9205,8784,63925,449589,449589,9120,2626,23246,19744,43204,52441,14222,12390,25507,38128,1507,17494,13005,32003,3016,35054,172738,173775,10944,8699,48762,52446,64095,68138,93539,145025,145025,978909,33355,52520,55169,16678,13056,20890,20890,1148511,1172012,7435,33038,33038,7435,35851,10077,8556,43586,4543,5723,9950,45426,11441,25146,12401,216480,277240,277240,13471,13471,12024,11809,30679,30679,35577,35582,672,1504574,1490301,1325,6566,9830,3673,3673,14869,14869,4325,4325,33226,3125,9862,24651,21415,21415,63131,63150,1582846,68992,102059,16179,17690,1673,2786,8012,8453,29387,29387,37943,40667,7564,198898,198898,173487,36598,186057,6750,66176,23812,23812,1914291,1914348
2046,572,572,2211,3561,31745,27922,59785,59785,7381,32288,65893,65893,11031,12069,156492,156492,154522,154517,82530,82530,130930,130977,26127,26700,27272,7628,7279,50453,345142,345142,5621,1617,14688,12477,27301,32787,8809,7676,15800,23617,1206,13989,10400,25594,2410,28034,112786,113401,8429,6414,31985,34338,41775,44356,76625,118799,118799,732688,27323,43579,45774,13661,14594,23350,23350,876805,895178,7952,35344,35344,7952,42252,10779,10405,52442,4132,5205,9047,41312,10268,22566,11374,197696,253422,253422,14206,14206,13831,13750,29558,29558,36260,36267,710,1243695,1240468,1177,5821,8715,3850,3850,16187,16187,4783,4783,27759,2937,9718,24607,18942,18942,49110,49117,1281631,70676,104548,14210,14349,1651,2752,8126,8572,25717,25717,37135,39799,7402,202149,202149,167878,38028,173500,7439,72925,30335,30335,1543886,1543871
4048,973,973,4051,3714,57022,50148,107386,107386,12302,53822,109842,109842,19197,21001,258750,258750,263437,263450,129144,129144,204685,204762,44363,45335,46308,13302,12695,86739,539405,539405,13905,4001,28519,24224,53006,66512,17100,14900,30670,45845,1689,19601,14572,35863,3378,39279,216824,218339,15142,12691,72872,78408,95910,101980,142807,221405,221405,1244756,50921,81223,85317,25463,16448,26318,26318,1481451,1507744,8417,37412,37412,8417,62766,11411,17488,83726,8561,10787,18748,85606,18224,40053,16468,319424,400117,400117,19258,19258,25338,26639,51006,51006,67780,67798,963,2217903,2270227,1749,8659,12963,6681,6681,21500,21500,5949,5949,44147,3271,15467,42235,39459,39459,91819,91837,2390808,101330,149898,19639,26707,2079,3466,11766,12413,44725,44725,60043,64355,11970,314320,314320,319496,47131,371526,14505,142208,45665,45665,2930534,2930516
4886,961,961,4466,3260,57634,50690,108541,108541,11098,48555,99093,99093,21860,23917,249413,249413,251691,251697,158784,158784,263514,263618,43893,44853,45814,12197,11641,82887,570132,570132,15071,4338,37189,31589,69124,83675,24274,21151,43538,65079,2067,23996,17841,43906,4136,48088,272943,274574,15306,15317,87420,94053,115019,122294,156217,242197,242197,1445836,55707,76456,80312,27852,22273,35638,35638,1718496,1758012,12432,55249,55249,12432,78238,16852,20642,101046,8955,11284,19613,89554,18732,41168,20170,368051,466880,466880,28691,28691,32481,33294,52483,52483,79444,79470,1434,2521761,2554383,2389,11821,17696,7697,7697,23206,23206,8712,8712,45528,3602,16318,44234,39519,39519,89893,89905,2768590,109830,162470,22717,31791,2227,3713,12808,13511,51756,51756,64279,68892,12815,365921,365921,362954,53306,413456,14234,139541,48433,48433,3441859,3441931
2785,1036,1036,3524,3122,63271,55646,119155,119155,11569,50616,103299,103299,22453,24566,263268,263268,267266,267276,157973,157973,264797,264904,47337,48376,49412,15271,14575,95831,568893,568893,9092,2618,28588,24286,53139,61789,19417,16918,34826,52055,1787,20738,15418,37945,3574,41561,205632,206600,16802,8727,49766,53542,65476,69616,125320,194293,194293,1228265,44688,64921,68194,22344,14899,23840,23840,1444726,1475729,8131,36133,36133,8131,39682,11021,9376,48119,5253,6618,11502,52531,13946,30653,14203,250313,319909,319909,16112,16112,14468,14116,32545,32545,40649,40659,805,1863922,1849768,1425,7047,10550,3838,3838,17861,17861,6560,6560,39366,2631,10357,27315,24745,24745,73212,73232,1961667,81551,120636,18256,23066,1731,2882,9917,10462,37864,37864,43416,46533,8654,214838,214838,226673,43108,280970,8824,86516,23074,23074,2369651,2369668
5109,1052,1052,4763,2946,56377,49581,106171,106171,11273,49317,100650,100650,24258,26540,248697,248697,252512,252523,130328,130328,219643,219733,48035,49089,50141,14352,13698,93762,554962,554962,14444,4156,27639,23479,51375,65557,13983,12183,25077,37487,1737,20172,14998,36908,3475,40424,207955,209544,14968,16011,92140,99145,121284,128964,166322,257865,257865,1291421,59309,77550,81460,29655,17546,28076,28076,1530051,1551728,9467,42079,42079,9467,55671,12836,14314,70831,9733,12264,21320,97348,18673,41040,16599,333719,415060,415060,19230,19230,20711,21030,39175,39175,69320,69350,961,2160839,2173583,1606,7950,11899,5973,5973,19623,19623,5174,5174,35509,3412,14327,38279,35063,35063,74459,74468,2287193,106696,157836,20429,24239,2017,3361,11516,12149,40903,40903,65376,70071,13035,302651,302651,289173,44866,321293,11507,112810,41237,41237,2732594,2732565
2879,917,917,3332,3219,51889,45635,97721,97721,11026,48237,98443,98443,18862,20637,233716,233716,236950,236961,121222,121222,198271,198348,41820,42737,43654,13023,12428,83239,527711,527711,10497,3020,23525,19981,43723,53933,13873,12088,24883,37194,1623,18845,14014,34480,3248,37767,179126,180271,13778,9027,53302,57375,70250,74717,103994,161229,161229,1078650,37083,66791,70159,18541,14153,22648,22648,1266945,1288477,9613,42734,42734,9613,61971,13033,16489,80431,7458,9396,16331,74572,14155,31111,15784,291428,368778,368778,20798,20798,24253,24992,36952,36952,49476,49490,1039,1887594,1917322,1451,7183,10752,5561,5561,20434,20434,4986,4986,37051,3186,13377,35748,29012,29012,71039,71049,2023963,88015,130201,18042,21147,1883,3138,9944,10488,35710,35710,45711,48993,9113,247986,247986,236941,46101,272601,11593,113661,30147,30147,2416524,2416498
2635,732,732,2837,2025,49063,43148,92398,92398,10271,44938,91713,91713,17726,19394,212941,212941,213455,213455,112819,112819,186162,186236,33441,34176,34908,9512,9076,63815,447016,447016,8721,2509,16548,14058,30760,38669,10974,9562,19684,29424,1385,16072,11949,29407,2769,32209,139433,140321,13028,8262,47982,51638,63187,67195,102795,159373,159373,904930,36656,60052,63080,18327,12762,20421,20421,1068716,1082385,6724,29894,29894,6724,36083,9119,8925,44899,4753,5988,10409,47532,9268,20371,11795,206693,264492,264492,12791,12791,12598,12556,21910,21910,37292,37308,638,1438133,1436479,1029,5098,7632,3561,3561,16062,16062,4568,4568,27975,2168,8752,23207,19874,19874,50949,50956,1500026,71217,105351,15477,19908,1742,2903,7938,8374,32523,32523,38234,40980,7622,197228,197228,204772,39541,251444,7170,70301,20910,20910,1819257,1819234
3909,1046,1046,4123,5787,62495,54962,117693,117693,12124,53043,108250,108250,25776,28201,286715,286715,290922,290935,166379,166379,264749,264848,47636,48680,49726,14499,13835,93793,648101,648101,13289,3825,28659,24345,53271,66027,18190,15850,32624,48768,1806,20973,15594,38370,3616,42030,220428,221860,16594,12257,70882,76276,93325,99238,155310,240790,240790,1286050,55382,73570,77278,27691,15137,24222,24222,1488925,1498812,7234,32145,32145,7234,36312,9805,8704,44387,7423,9354,16260,74243,14467,31798,15201,284906,359390,359390,15399,15399,14297,14062,40215,40215,43319,43324,771,1937039,1927566,1325,6565,9827,4442,4442,21379,21379,5676,5676,39840,3314,13949,37292,33439,33439,80119,80134,2026298,93066,137670,19392,23674,1981,3304,10650,11232,39504,39504,56246,60285,11213,256269,256269,285529,45974,359167,7639,74899,27461,27461,2478577,2478568
4230,1151,1151,4502,2887,70458,61967,132690,132690,12863,56278,114852,114852,27571,30166,291863,291863,299281,299301,177353,177353,277312,277411,52482,53633,54784,16587,15831,105203,687745,687745,16596,4776,29619,25161,55056,71718,17953,15644,32199,48132,1751,20313,15101,37162,3501,40703,237830,239698,18711,13257,86164,92875,114074,121430,159930,247954,247954,1472057,57028,75628,79439,28515,21063,33700,33700,1722067,1749795,9833,43704,43704,9833,50949,13329,12401,62819,8155,10277,17861,81560,17674,38845,17315,324163,409014,409014,18778,18778,17848,17649,35775,35775,48389,48401,940,2268608,2260611,1858,9193,13760,5603,5603,20486,20486,5951,5951,37640,3412,12974,33962,31135,31135,73367,73377,2396984,88154,130406,19873,23283,1959,3267,10743,11333,38911,38911,53414,57248,10649,268975,268975,278831,44738,332889,11761,115287,30418,30418,2940413,2940476
5300,1057,1057,4873,3763,59444,52281,111949,111949,11381,49786,101604,101604,25070,27429,261426,261426,264834,264843,160277,160277,264162,264267,48244,49302,50359,13718,13095,92058,617084,617084,17732,5104,32849,27904,61058,78488,18605,16209,33368,49878,1878,21792,16203,39874,3756,43673,252709,254664,15785,16613,93852,100955,123419,131210,156114,242035,242035,1393559,55668,70630,74191,27835,16463,26341,26341,1620248,1643288,7822,34770,34770,7822,42600,10606,10607,53211,6781,8544,14848,67803,13900,30551,15394,279490,354921,354921,18774,18774,18777,18778,41401,41401,49454,49462,939,2120669,2120697,1526,7549,11301,5119,5119,19468,19468,5568,5568,37551,3543,12678,32732,26974,26974,70586,70601,2268004,94106,139211,20171,22835,1935,3224,11609,12247,39110,39110,58472,62670,11657,272644,272644,273109,43738,317288,10530,103248,30499,30499,2701671,2701653
2621,881,881,3127,4265,54413,47853,102472,102472,10061,44027,89851,89851,19039,20830,237355,237355,240554,240563,125592,125592,202838,202917,40228,41110,41991,11943,11397,78290,505815,505815,9029,2598,17386,14767,32316,40185,12569,10952,22546,33701,1427,16556,12310,30292,2854,33178,147651,148533,14449,8216,44807,48173,58816,62507,85561,132652,132652,931950,30511,60037,63064,15254,11911,19059,19059,1081727,1093552,7036,31270,31270,7036,34297,9536,8112,41574,6117,7707,13397,61169,13994,30760,15515,274484,350504,350504,17160,17160,15721,15414,35840,35840,38991,38993,858,1509893,1497504,1351,6684,10006,4393,4393,18215,18215,4485,4485,33723,3266,11606,29911,25563,25563,64719,64732,1552606,63299,93637,13863,17364,1450,2416,7481,7891,28730,28730,34203,36659,6819,170202,170202,133566,40978,139905,8919,87447,20307,20307,1869806,1869875
2108,969,969,3033,5192,56079,49319,105609,105609,10324,45168,92181,92181,23245,25432,251748,251748,256286,256299,139452,139452,224543,224629,44141,45109,46078,12098,11547,82853,540007,540007,8788,2528,24389,20719,45334,52319,13611,11857,24406,36485,1396,16197,12041,29633,2792,32456,159736,160519,14891,6608,36735,39509,48268,51308,83019,128714,128714,948820,29605,60670,63728,14803,10351,16561,16561,1090676,1099945,5368,23859,23859,5368,23805,7278,5331,28026,4464,5623,9774,44641,9690,21299,12438,212274,273211,273211,13725,13725,11778,11363,26864,26864,30850,30854,686,1402170,1385418,957,4732,7084,3513,3513,16988,16988,4026,4026,30358,2580,9139,23537,22996,22996,58136,58145,1444526,54546,80691,10524,13010,1420,2365,6958,7338,23464,23464,28309,30341,5644,132601,132601,113076,37845,132179,4913,48170,17011,17011,1694426,1694479
3855,1400,1400,4805,3816,87035,76544,163908,163908,16466,72040,147021,147021,34763,38034,367792,367792,374355,374372,203292,203292,345207,345351,63823,65222,66622,16364,15619,116361,835059,835059,16130,4642,38854,33005,72218,87099,22473,19582,40308,60249,2032,23552,17511,43091,4060,47197,270002,271673,23112,12085,68858,74081,90588,96317,163522,253519,253519,1633425,58310,83102,87292,29156,21816,34906,34906,1893661,1920980,10417,46291,46291,10417,50997,14118,12115,62030,9523,11996,20853,95216,23139,50853,20787,390651,492504,492504,23236,23236,21184,20746,54878,54878,57636,57639,1162,2510763,2493114,2039,10091,15107,5913,5913,23899,23899,6230,6230,48600,3672,18457,50901,40868,40868,99762,99786,2643238,96848,143266,20973,22345,1925,3209,11293,11913,37881,37881,58555,62758,11673,263375,263375,230222,52205,251078,11038,108216,34691,34691,3218270,3218451
2462,858,858,2995,2600,53292,46867,100360,100360,9232,40384,82418,82418,21974,24043,219908,219908,221738,221741,132675,132675,226043,226137,39084,39938,40796,10637,10152,73127,518942,518942,10731,3089,30158,25617,56056,65785,14542,12671,26084,38988,1578,18321,13621,33519,3156,36713,190670,191762,14150,7716,44421,47798,58472,62175,93350,144728,144728,993328,33288,57424,60318,16644,14993,23989,23989,1147343,1158027,6252,27789,27789,6252,30093,8476,7059,36342,4584,5775,10039,45837,8123,17853,12005,204937,263757,263757,13965,13965,12549,12243,24958,24958,37887,37900,698,1478446,1466251,960,4750,7110,3662,3662,17057,17057,4104,4104,29949,2756,9199,23342,21393,21393,55545,55553,1546188,72158,106745,15564,15475,1630,2714,9306,9817,27802,27802,38579,41349,7690,188559,188559,157821,37639,166394,5781,56678,20942,20942,1808871,1808889
2141,566,566,2246,3137,32018,28159,60297,60297,6109,26721,54534,54534,15085,16504,148369,148369,146893,146888,98693,98693,163955,164020,25808,26375,26941,7158,6830,48698,335644,335644,5066,1458,12304,10452,22870,26837,10076,8780,18072,27013,1109,12853,9555,23518,2215,25759,103812,104258,8502,6710,34566,37129,45227,48038,67701,104965,104965,632696,24142,36801,38659,12072,5692,9107,9107,726263,731441,3497,15547,15547,3497,19516,4741,4911,24523,4043,5094,8856,40430,6134,13478,6153,126298,156443,156443,12834,12834,13001,13039,23704,23704,30754,30760,642,960485,961938,702,3475,5201,2973,2973,15338,15338,3664,3664,26389,2909,8303,20143,19346,19346,49355,49362,1004645,50553,74781,12269,12836,1427,2377,6423,6778,22008,22008,24574,26340,4900,127230,127230,99590,34607,108062,5392,52882,16829,16829,1158450,1158425
2208,746,746,2638,4480,43378,38150,81692,81692,8090,35393,72230,72230,16415,17959,196776,196776,197525,197525,115412,115412,185061,185131,34014,34759,35505,9871,9421,65506,428060,428060,5915,1702,13941,11842,25913,30881,11771,10256,21111,31557,1284,14900,11079,27263,2568,29861,121758,122315,11520,6923,35184,37784,46001,48852,76609,118776,118776,787912,27318,44071,46294,13659,9427,15084,15084,909090,919256,5064,22513,22513,5064,26656,6866,6535,33001,4407,5553,9651,44067,9673,21258,11460,200181,256340,256340,14437,14437,14105,14035,32019,32019,33928,33930,722,1250162,1247316,1141,5646,8454,4178,4178,18254,18254,4501,4501,34233,2749,10923,28869,25027,25027,65246,65259,1292941,60273,89162,15412,14457,1534,2557,7587,8002,24722,24722,31153,33391,6210,162065,162065,131841,41002,144265,6909,67719,22180,22180,1547082,1547101
2181,820,820,2773,2331,52414,46099,98710,98710,9950,43533,88842,88842,20590,22527,221938,221938,223454,223457,137946,137946,217015,217094,37381,38199,39019,10315,9844,70371,498837,498837,7642,2199,19963,16958,37105,43499,14333,12491,25708,38428,1239,14381,10692,26312,2477,28820,147848,148565,13919,6836,41909,45134,55334,58872,73566,114056,114056,902578,26233,47769,50176,13117,10879,17408,17408,1031747,1043758,6076,27006,27006,6076,27166,8237,6112,32063,4763,6001,10432,47636,11167,24544,11226,204281,259294,259294,12802,12802,10679,10223,27418,27418,34303,34310,641,1334544,1316262,1119,5541,8297,3783,3783,16218,16218,3597,3597,29555,2920,8757,21571,22873,22873,57311,57320,1374012,66272,98036,16439,14630,1426,2378,7226,7621,24083,24083,36507,39129,7277,159603,159603,116486,36085,111804,6924,67878,16022,16022,1609828,1609869
5312,1647,1647,6055,3178,116488,102446,219375,219375,20132,88070,179738,179738,49340,53983,427643,427643,434620,434640,246549,246549,422898,423075,75087,76732,78379,18332,17497,134103,1040330,1040330,17528,5044,48650,41328,90428,107470,27208,23707,48803,72948,2292,26618,19790,48702,4587,53343,321655,323566,30933,16651,76692,82212,99673,105732,164775,255465,255465,1958470,58757,110243,115801,29379,41026,65638,65638,2294516,2330422,15881,70587,70587,15881,77526,21528,18318,94009,11471,14456,25125,114728,22868,50257,26816,480525,611924,611924,24450,24450,21240,20551,56782,56782,62414,62422,1223,3051410,3023777,1927,9535,14273,7168,7168,23289,23289,6268,6268,48577,4347,16462,43053,43123,43123,101415,101436,3355061,107889,159601,26459,31807,2070,3449,13757,14512,51383,51383,67608,72462,13477,318716,318716,358052,47248,442495,10767,105554,38678,38678,3861760,3861680
3964,1010,1010,4083,4375,60246,52986,113458,113458,12347,54015,110237,110237,24095,26362,275059,275059,279007,279018,137966,137966,251670,251782,46069,47080,48090,13271,12665,88426,624667,624667,15663,4507,34194,29046,63559,78884,17644,15373,31643,47299,1866,21666,16109,39641,3735,43418,241816,243534,15998,12429,69420,74662,91233,96984,143740,222852,222852,1359663,51255,83622,87838,25629,23032,36848,36848,1612391,1640027,10687,47502,47502,10687,60457,14488,15302,76222,7521,9476,16470,75211,17937,39423,16089,303962,382804,382804,21081,21081,21896,22070,48122,48122,59224,59236,1054,2198939,2205942,1999,9893,14809,6539,6539,26379,26379,9884,9884,60395,3085,15545,42895,37270,37270,112088,112120,2360539,94214,139368,23000,28915,1896,3162,11037,11642,45508,45508,59601,63882,11882,306935,306935,351488,50047,443662,12816,125651,40199,40199,2922899,2922852
2308,650,650,2503,3424,39238,34508,73894,73894,7303,31947,65201,65201,16387,17929,174846,174846,174903,174904,105058,105058,164322,164380,29714,30367,31017,9287,8863,59242,396524,396524,7378,2123,18143,15413,33725,40463,10718,9339,19223,28736,1242,14413,10716,26370,2482,28882,132789,133544,10420,7237,40917,44016,53811,57207,83506,129469,129469,787833,29779,46509,48853,14889,9026,14440,14440,915339,925898,5097,22645,22645,5097,26262,6908,6376,32336,3410,4292,7460,34066,7516,16521,9492,162279,208793,208793,11435,11435,10903,10791,24523,24523,30172,30178,573,1197143,1192576,856,4234,6337,3346,3346,13797,13797,3313,3313,27840,3176,8340,19673,20311,20311,54206,54219,1227976,65829,97380,15473,15118,1427,2379,7601,8017,25405,25405,35801,38372,7139,174009,174009,183964,34675,228051,5216,51153,17110,17110,1493034,1493003
3497,735,735,3291,2425,49966,43945,94098,94098,8817,38574,78722,78722,20202,22104,207564,207564,208094,208094,139813,139813,225026,225110,33550,34285,35020,11285,10771,69316,499778,499778,9563,2753,24851,21110,46192,54741,14557,12683,26109,39027,1501,17424,12953,31880,3003,34917,173676,174634,13269,10964,53133,57013,69273,73529,111265,172505,172505,1054449,39676,51014,53587,19839,12730,20370,20370,1227391,1248711,6649,29552,29552,6649,31898,9010,7467,38482,4830,6084,10576,48286,12153,26711,11730,213005,270476,270476,15308,15308,13764,13433,29908,29908,35757,35763,766,1574360,1561061,1275,6311,9447,4010,4010,15707,15707,4040,4040,27662,3114,9696,24140,24542,24542,55407,55413,1640751,80705,119386,17160,17926,1621,2702,8480,8946,29806,29806,46731,50087,9314,215307,215307,224028,36814,269088,7213,70708,22409,22409,1963319,1963278
3244,640,640,2971,3469,38494,33854,72494,72494,7435,32529,66389,66389,15234,16668,175358,175358,174953,174952,111923,111923,182232,182303,29260,29904,30544,7501,7158,53342,402900,402900,5037,1450,19630,16674,36487,41307,11094,9669,19900,29746,1278,14833,11027,27137,2556,29724,129034,129572,10222,10173,53706,57708,70369,74760,94894,147122,147122,819547,33837,50363,52902,16918,9667,15466,15466,955782,965026,5110,22712,22712,5110,28002,6928,6992,35031,3582,4511,7842,35807,7765,17067,9389,163347,209350,209350,12769,12769,12834,12847,22777,22777,28851,28856,638,1253139,1253695,897,4443,6654,3622,3622,14843,14843,3624,3624,24987,3190,8741,20923,22476,22476,49836,49843,1299463,73884,109295,16809,19663,1589,2647,8461,8926,32098,32098,38051,40783,7585,203023,203023,224133,36136,280227,6260,61387,19022,19022,1580761,1580681
4295,1163,1163,4563,4719,76417,67206,143909,143909,14510,63482,129556,129556,31616,34592,335024,335024,340821,340838,201752,201752,340646,340785,53118,54285,55448,15621,14908,102927,802975,802975,11103,3196,31689,26919,58902,68718,19418,16920,34826,52057,1881,21823,16225,39928,3759,43731,218871,219972,20290,13466,70667,75929,92564,98335,135588,210214,210214,1503804,48350,66936,70311,24175,17664,28261,28261,1724654,1751532,9402,41801,41801,9402,45386,12749,10733,55017,8966,11298,19637,89668,23762,52220,20562,383838,484592,484592,18631,18631,16541,16102,47846,47846,50576,50578,931,2313607,2295632,1978,9794,14659,5569,5569,19648,19648,6414,6414,36648,3397,13570,35899,36760,36760,77519,77527,2356579,85713,126793,20415,19452,1777,2963,9161,9664,31786,31786,47441,50848,9458,231320,231320,235956,45310,285652,12997,127409,28170,28170,2812335,2812350
3219,434,434,2544,3359,34929,30720,65782,65782,6880,30094,61417,61417,13618,14901,158154,158154,157201,157201,104682,104682,158475,158528,19821,20256,20690,6560,6262,40628,374388,374388,6498,1870,15548,13209,28901,34001,9762,8508,17513,26177,1226,14232,10582,26038,2454,28519,116617,117189,9275,10092,56650,60932,74472,79168,79398,123097,123097,759306,28313,40184,42210,14158,7839,12543,12543,874066,883542,4438,19729,19729,4438,25144,6018,6368,31714,4036,5083,8834,40339,7537,16568,7533,144512,180994,180994,11164,11164,11515,11590,22360,22360,27150,27154,559,1143106,1146126,997,4925,7372,3379,3379,14572,14572,3263,3263,28531,2871,7561,17855,20246,20246,54773,54788,1218343,60548,89569,15161,16411,1420,2367,6771,7144,26297,26297,28574,30628,5697,146819,146819,155911,33125,197631,6479,63521,12509,12509,1423275,1423204
3481,680,680,3174,4246,44857,39449,84477,84477,8196,35856,73179,73179,18620,20372,200800,200800,196640,196626,107239,107239,183814,183890,31025,31705,32385,8242,7864,57429,448682,448682,10021,2884,23938,20335,44497,53407,13189,11493,23655,35360,1461,16955,12605,31021,2922,33976,167665,168664,11911,10918,61911,66601,81430,86576,90688,140600,140600,966791,32337,71497,75101,16169,14710,23532,23532,1149862,1169269,6599,29334,29334,6599,34332,8945,8369,42375,5290,6665,11586,52906,10394,22848,12885,227381,290525,290525,14097,14097,13523,13397,29343,29343,33728,33732,705,1537612,1532659,1140,5642,8449,4577,4577,16928,16928,3591,3591,28736,3356,9226,22104,25404,25404,57122,57129,1630612,78835,116620,18716,22424,2005,3342,8912,9401,36284,36284,43419,46537,8657,218442,218442,235959,34406,286927,8671,85001,20284,20284,1953113,1953042
4796,1318,1318,5134,2428,86950,76468,163744,163744,16244,71066,145030,145030,34614,37871,354607,354607,366578,366614,203057,203057,341752,341891,60153,61473,62791,17400,16607,115684,865038,865038,11780,3390,35441,30107,65875,77376,22478,19586,40315,60264,2102,24389,18134,44626,4203,48877,249942,251231,23089,15037,76014,81627,99359,105511,155943,241772,241772,1646080,55607,77854,81781,27802,21053,33684,33684,1896986,1925091,10389,46174,46174,10389,55577,14083,13730,69105,8060,10156,17652,80609,16224,35655,20199,353922,452891,452891,18882,18882,18529,18451,39906,39906,59488,59506,945,2518368,2515322,1684,8330,12470,5667,5667,21305,21305,6076,6076,41908,3932,13053,33076,35243,35243,84414,84430,2710420,101867,150694,23263,31167,2819,4701,13673,14420,52676,52676,56327,60373,11230,271340,271340,314072,43163,397638,11247,110257,29991,29991,3177270,3177198
3699,668,668,3258,4344,42434,37319,79913,79913,8306,36342,74170,74170,16720,18294,197151,197151,197202,197203,129531,129531,206975,207052,30427,31092,31760,8435,8049,57400,454336,454336,5577,1604,17762,15087,33014,37409,13152,11459,23588,35260,1388,16093,11965,29450,2773,32253,133733,134225,11267,11597,68334,73554,90050,95776,101086,156722,156722,977709,36045,48531,50979,18023,11850,18963,18963,1142676,1164797,6143,27295,27295,6143,36023,8326,9254,45806,4436,5589,9715,44361,11912,26184,10604,195325,247286,247286,14340,14340,15268,15468,28967,28967,38308,38317,718,1532382,1540371,1312,6483,9706,4155,4155,17568,17568,6300,6300,32997,2927,11002,28727,26299,26299,63375,63382,1687092,71925,106399,19699,18530,2171,3618,9324,9835,31628,31628,38175,40914,7610,185056,185056,190671,41421,237402,7436,72898,20852,20852,1896672,1896552
3475,754,754,3322,3488,54122,47600,101926,101926,10146,44393,90598,90598,20638,22580,234174,234174,241143,241164,137536,137536,222600,222684,34527,35286,36040,9901,9449,66133,513841,513841,7646,2200,12471,10595,23181,29300,12446,10846,22327,33372,1227,14215,10568,26007,2449,28486,125393,126079,14373,10890,56072,60231,73370,77928,69062,107073,107073,901523,24629,35536,37327,12311,7925,12680,12680,1007945,1018464,4939,21952,21952,4939,29580,6698,7661,37790,4586,5779,10044,45859,10119,22240,12164,211214,270813,270813,13750,13750,14715,14921,33197,33197,36088,36091,688,1399549,1407855,1064,5271,7892,4438,4438,17577,17577,3770,3770,31026,2977,10368,26585,28941,28941,64263,64272,1478248,63662,94175,15447,15302,1336,2226,6484,6838,24324,24324,31585,33853,6297,145222,145222,150725,39833,195762,6952,68158,16012,16012,1722393,1722358
3421,1003,1003,3785,6030,56570,49750,106532,106532,10861,47519,96975,96975,23141,25316,263067,263067,260807,260800,142012,142012,231296,231386,45748,46750,47753,11744,11209,83452,579899,579899,9241,2660,21087,17912,39194,47279,14902,12984,26728,39953,1595,18503,13756,33855,3189,37081,168005,168913,15020,10723,57258,61540,75071,79767,120045,186115,186115,1082400,42806,63867,67088,21402,17869,28591,28591,1258528,1267300,7676,34123,34123,7676,40311,10406,9924,50023,6801,8569,14894,68017,15121,33233,15763,286721,363955,363955,16500,16500,15964,15868,34497,34497,52677,52694,825,1738988,1734387,1242,6154,9212,4815,4815,20336,20336,4401,4401,35878,3557,11370,28518,28327,28327,69392,69403,1866628,87020,128727,18993,18973,1320,2201,8751,9233,30401,30401,51906,55634,10348,217376,217376,233380,40169,288680,7994,78366,26681,26681,2206628,2206573
4032,962,962,4023,3510,63797,56108,120144,120144,11584,50687,103444,103444,23689,25918,264917,264917,271039,271058,159699,159699,263301,263404,43855,44816,45778,13188,12588,85867,639386,639386,9834,2830,23789,20206,44217,52259,16758,14602,30059,44931,1610,18683,13891,34181,3218,37439,180025,180927,16940,12640,67729,72797,88819,94377,96006,148847,148847,1239976,34233,53286,55974,17119,14109,22576,22576,1422326,1450659,6961,30937,30937,6961,39886,9436,10150,50444,6893,8683,15094,68913,17786,39093,15658,292261,368991,368991,18849,18849,19562,19718,46713,46713,42117,42114,944,1948232,1954374,1741,8621,12907,5691,5691,22185,22185,6201,6201,33788,3951,14994,39237,35699,35699,69247,69247,2084417,78063,115477,18053,19351,1682,2805,8175,8623,31172,31172,40743,43667,8122,194641,194641,212657,47490,277181,11115,108958,24775,24775,2524116,2524145
4474,1030,1030,4390,2802,67246,59139,126642,126642,12705,55584,113435,113435,29432,32201,288294,288294,298159,298188,192421,192421,325355,325487,47011,48041,49071,15733,15016,96890,740674,740674,21947,6316,34532,29334,64187,85790,24480,21328,43903,65625,2303,26751,19888,48943,4610,53606,306426,308848,17856,14027,78682,84630,103431,109954,140277,217482,217482,1587981,50020,94477,99240,25011,17292,27670,27670,1853654,1888082,8004,35572,35572,8004,44090,10849,11033,55227,6814,8587,14925,68143,16494,36247,15550,287366,363563,363563,17572,17572,17757,17795,38639,38639,46572,46581,880,2376099,2377687,1617,8004,11980,5857,5857,19495,19495,5752,5752,31752,4129,12269,30135,35495,35495,67780,67782,2482949,97020,143519,24643,27035,2267,3774,13112,13830,45362,45362,53574,57423,10681,279990,279990,293745,43547,350298,14992,146990,30160,30160,2962204,2962157
3288,953,953,3623,5223,60323,53052,113603,113603,11402,49884,101804,101804,24764,27093,272340,272340,268047,268031,169519,169519,279366,279475,43544,44502,45455,12050,11499,82080,623121,623121,13403,3859,26823,22785,49858,61090,17232,15014,30904,46193,1874,21737,16162,39771,3746,43560,208063,209324,16019,10312,53041,56970,69395,73705,106373,164920,164920,1353839,37932,67390,70787,18965,14575,23320,23320,1594357,1642710,7141,31739,31739,7141,35325,9680,8588,43377,5797,7303,12696,57970,16752,36821,14380,264006,334473,334473,16022,16022,14806,14681,36504,36504,41304,41309,802,2045363,2033136,1589,7863,11771,4908,4908,19488,19488,5360,5360,39650,3197,11608,30069,29423,29423,77185,77203,2190873,83970,124215,19674,22053,1934,3223,9152,9654,35647,35647,49272,52811,9823,231664,231664,232894,43737,277794,8744,85717,23997,23997,2566530,2566517
2533,794,794,2909,2456,49493,43529,93208,93208,8839,38671,78921,78921,19823,21688,207260,207260,206744,206742,140494,140494,235028,235122,36279,37077,37871,9558,9122,66924,481194,481194,11878,3418,19927,16926,37040,46539,14081,12269,25255,37749,1406,16292,12113,29808,2808,32647,164829,165893,13141,7938,40723,43742,53275,56583,79921,123907,123907,932301,28499,48364,50802,14249,8509,13616,13616,1069471,1085677,4600,20449,20449,4600,23292,6237,5606,28538,4146,5224,9080,41458,9797,21531,10325,184351,234889,234889,10483,10483,9853,9718,31378,31378,30750,30749,524,1376511,1371082,1164,5769,8640,4585,4585,16531,16531,3980,3980,31461,3034,9891,24935,22602,22602,59279,59290,1446200,58523,86572,15258,13481,1586,2645,7235,7632,23222,23222,27985,29992,5577,152307,152307,146633,40476,181747,6529,64019,14551,14551,1692274,1692261
4252,1018,1018,4251,4278,61746,54302,116281,116281,11460,50138,102322,102322,24884,27225,269755,269755,273166,273177,149306,149306,245612,245708,46469,47489,48507,13140,12541,88446,610539,610539,16213,4666,31234,26533,58057,71098,16961,14777,30421,45473,1902,22097,16430,40431,3809,44284,224253,225717,16395,13327,61537,65970,79989,84853,124413,192887,192887,1286270,44362,75306,79102,22182,21987,35181,35181,1518198,1545800,9639,42841,42841,9639,58604,13066,15275,75126,8691,10950,19035,86909,20884,45900,19326,360207,454901,454901,20016,20016,22216,22685,48810,48810,63017,63030,1001,2209888,2228811,1725,8539,12783,7156,7156,22387,22387,6584,6584,42831,3627,16327,44206,45985,45985,94311,94323,2416849,98508,145724,20107,23910,1977,3298,11388,12013,40369,40369,57111,61212,11386,300499,300499,317040,47996,380678,11740,115090,36600,36600,2930532,2930511
3001,852,852,3267,4502,50116,44078,94382,94382,10037,43912,89616,89616,18380,20111,228223,228223,230298,230304,114903,114903,187679,187750,38892,39745,40597,11200,10689,74639,465406,465406,9694,2791,22688,19271,42170,49296,13923,12131,24971,37327,1413,16403,12196,30013,2827,32873,158794,159593,13308,9405,47158,50627,61605,65414,79580,123380,123380,990972,28377,60231,63268,14188,15918,25469,25469,1176755,1206184,7506,33369,33369,7506,40681,10178,10201,51016,6211,7825,13603,62108,13691,30095,14247,259834,329642,329642,14560,14560,14458,14474,33102,33102,37834,37838,726,1636831,1635822,1422,7035,10531,5082,5082,17817,17817,4785,4785,34592,3517,10380,25440,23428,23428,63679,63693,1688742,69485,102789,16472,18026,1763,2939,8513,8979,30415,30415,36961,39615,7369,197056,197056,207503,37470,254849,9773,95823,22699,22699,2101735,2101774
4195,1069,1069,4314,5333,60532,53235,113995,113995,12034,52648,107441,107441,23000,25163,276059,276059,278780,278788,131900,131900,226880,226976,48649,49714,50783,12833,12245,89648,585338,585338,13024,3748,29783,25301,55360,66123,16534,14405,29651,44322,1976,22930,17048,41956,3952,45953,211250,212457,16073,13146,62822,67391,81838,86850,139652,216517,216517,1297039,49798,72723,76389,24900,21532,34452,34452,1541887,1573925,9229,41015,41015,9229,51315,12508,12950,64587,6284,7919,13764,62852,13169,28944,16838,289940,372453,372453,18973,18973,19362,19484,38603,38603,62637,62661,948,2101094,2104073,1265,6247,9352,5140,5140,21215,21215,5333,5333,42791,4622,13998,34572,34383,34383,86273,86293,2173953,98474,145672,21058,26429,1840,3068,12477,13162,44281,44281,64386,69009,12834,285694,285694,284055,40392,322899,9347,91632,30057,30057,2558558,2558498
2346,733,733,2687,3295,43829,38546,82539,82539,7905,34584,70579,70579,17474,19119,189137,189137,190754,190759,123553,123553,209127,209213,33444,34177,34910,9282,8859,63124,442318,442318,8521,2453,19738,16767,36688,43671,13995,12193,25099,37517,1329,15430,11473,28231,2660,30920,150963,151746,11638,7360,40658,43726,53408,56767,81223,125926,125926,892943,28963,43646,45847,14480,9171,14677,14677,1031442,1050096,4609,20485,20485,4609,24570,6248,6060,30526,4363,5497,9557,43635,10032,22049,11170,197112,251844,251844,13866,13866,13679,13641,27313,27313,27808,27808,694,1370566,1368955,978,4837,7239,4120,4120,17320,17320,3741,3741,33036,3706,9499,22213,23360,23360,62836,62850,1472287,61294,90672,15737,14707,1505,2508,7096,7485,24390,24390,32183,34493,6415,156605,156605,154421,34214,186569,6539,64115,19000,19000,1735947,1735941
1702,367,367,1625,2473,23199,20401,43687,43687,4536,19849,40509,40509,8865,9700,93275,93275,91353,91348,63807,63807,99653,99687,16836,17208,17575,4622,4414,31505,216420,216420,2903,836,10151,8623,18871,20613,6821,5940,12232,18284,1033,11978,8907,21918,2066,24006,75923,76118,6160,5341,26270,28197,34283,36394,43927,68106,68106,457020,15663,26582,27921,7833,3284,5256,5256,531211,540677,1939,8620,8620,1939,7895,2628,1807,9403,1606,2021,3511,16038,3191,7013,4032,70342,90037,90037,8686,8686,7665,7553,13419,13419,9331,9328,434,622441,609769,518,2567,3844,2138,2138,11823,11823,2615,2615,17321,2666,4277,7808,7666,7666,25601,25602,642430,36220,53579,11823,12365,1273,2121,5325,5616,19850,19850,18362,19683,3661,100445,100445,98396,25689,122147,3286,32232,10676,10676,799475,799467
3792,1132,1132,4241,3714,70263,61793,132321,132321,13221,57841,118043,118043,25920,28360,297553,297553,301920,301933,128458,128458,209001,209083,51694,52828,53960,13038,12445,93557,612863,612863,9668,2783,25883,21984,48109,56322,14735,12836,26424,39499,1653,19186,14265,35104,3306,38449,178248,179168,18658,11889,56982,61131,74246,78794,115521,179101,179101,1212624,41194,92034,96674,20597,21463,34345,34345,1452720,1478265,10065,44731,44731,10065,59083,13642,15189,75145,6543,8244,14330,65433,14843,32622,15692,282696,359586,359586,18781,18781,20320,20649,43729,43729,57728,57740,939,2025470,2038718,1186,5870,8787,5318,5318,20855,20855,6094,6094,42768,3517,13213,34489,37286,37286,88663,88681,2125258,93547,138382,18728,20798,1657,2760,10242,10802,34985,34985,56056,60081,11175,225126,225126,225397,35282,260937,7213,70719,28321,28321,2527261,2527304
3963,1207,1207,4475,4144,76103,66930,143321,143321,14388,62949,128463,128463,29714,32510,327665,327665,332056,332068,173053,173053,299219,299344,55056,56262,57469,15079,14393,103304,739233,739233,10104,2907,30032,25510,55820,62807,18506,16126,33194,49617,1832,21248,15798,38878,3663,42583,198392,199176,20208,12422,61795,66340,80696,85678,123878,192060,192060,1376524,44174,72016,75649,22087,25825,41320,41320,1605628,1630409,10647,47321,47321,10647,58171,14433,14573,72891,9125,11498,19983,91252,20421,44880,19916,368539,465321,465321,20781,20781,20854,20867,44143,44143,61785,61804,1040,2253742,2254372,1861,9205,13782,6880,6880,22955,22955,6553,6553,49647,5561,15405,37013,40537,40537,101053,101076,2307679,97307,143944,20250,25685,1803,3005,10746,11337,41671,41671,58762,62982,11714,267193,267193,306278,45764,388998,11841,116106,28049,28049,2965751,2965875
4212,1200,1200,4595,3634,73533,64671,138483,138483,14055,61502,125516,125516,29519,32297,313166,313166,324440,324474,169290,169290,295892,296019,54780,55982,57182,15500,14791,104291,704499,704499,8508,2449,32080,27252,59632,64809,18091,15764,32449,48505,1827,21186,15751,38763,3651,42455,192296,192876,19525,13204,60417,64762,78490,83256,110796,171777,171777,1374972,39507,55838,58654,19756,21207,33930,33930,1594067,1630391,9635,42822,42822,9635,51340,13058,12696,63859,10165,12810,22264,101662,24586,54035,21050,403393,506539,506539,22172,22172,21772,21685,44560,44560,72777,72806,1108,2287677,2284231,2394,11844,17730,7165,7165,20720,20720,6300,6300,54342,3518,15253,41008,45336,45336,116200,116238,2618262,68203,100894,17579,21704,1719,2864,8977,9469,35285,35285,39479,42314,7871,185391,185391,189969,42271,236568,11544,113183,31431,31431,2847816,2847664
2356,474,474,2173,2701,29891,26288,56290,56290,5812,25425,51889,51889,11760,12868,134467,134467,134980,134982,86986,86986,140385,140438,21624,22098,22572,4120,3933,35095,303768,303768,3822,1100,13116,11142,24379,25656,8760,7633,15715,23489,1090,12669,9420,23179,2183,25390,87840,87985,7936,7384,35398,37974,46119,48947,62239,96496,96496,622673,22195,30555,32096,11097,7076,11322,11322,724675,738337,4198,18657,18657,4198,25957,5691,6803,33396,2869,3612,6281,28677,5882,12929,8610,142917,185104,185104,12668,12668,13781,14020,22833,22833,27969,27974,634,1023445,1033028,704,3479,5212,3111,3111,15213,15213,3486,3486,29917,2850,7935,19097,17730,17730,54293,54307,1131819,54490,80604,14067,15056,1450,2416,7044,7431,25203,25203,30600,32798,6100,146265,146265,151015,36208,191715,5803,56896,18608,18608,1202678,1202481
3993,1000,1000,4083,3537,62262,54756,117251,117251,11276,49333,100678,100678,24478,26782,263139,263139,266372,266379,156434,156434,244631,244719,45705,46710,47710,12622,12050,86079,607683,607683,8029,2311,26533,22541,49322,56502,15822,13787,28377,42416,1552,18021,13399,32974,3107,36115,176414,177220,16532,12516,59712,64051,77775,82537,128689,199515,199515,1249076,45889,74284,78031,22943,15315,24502,24502,1474993,1504460,7123,31661,31661,7123,42807,9658,11099,54734,7886,9935,17268,78853,16902,37148,19256,342588,436949,436949,20447,20447,21891,22200,42439,42439,64645,64668,1022,2115132,2127563,1353,6689,10011,6425,6425,22440,22440,6707,6707,44530,4625,15655,39867,39163,39163,91035,91052,2257301,96912,143362,21059,29275,2239,3733,10965,11568,47056,47056,54252,58148,10816,271991,271991,298811,46944,371113,10074,98784,29475,29475,2731087,2731062
4524,1108,1108,4571,4122,68016,59818,128091,128091,12459,54516,111254,111254,25183,27552,290227,290227,294217,294227,166432,166432,263238,263334,50582,51690,52798,13338,12729,93338,669006,669006,10916,3142,35924,30515,66773,76353,20414,17786,36615,54731,2591,30076,22363,55032,5182,60273,245878,246951,18061,14180,66114,70892,85994,91234,143524,222517,222517,1477658,51179,114134,119887,25589,34465,55144,55144,1805725,1846924,13738,61057,61057,13738,84136,18622,21977,108029,11119,14012,24353,111203,35126,77203,23111,460347,573591,573591,33285,33285,36639,37356,52281,52281,70801,70818,1665,2710612,2739478,2700,13365,20007,8643,8643,23860,23860,9468,9468,83352,7381,22618,56058,62810,62810,180086,180161,3042305,119506,176784,24326,37055,2310,3852,14645,15448,60201,60201,77730,83311,15495,372774,372774,412933,53630,504535,14081,138047,32144,32144,3707422,3707413
4365,1485,1485,5241,2609,94773,83351,178481,178481,18156,79435,162113,162113,41175,45050,397045,397045,405406,405428,236349,236349,413464,413642,67764,69249,70734,17853,17038,124999,968216,968216,24939,7178,53524,45469,99491,124748,30702,26751,55067,82311,3910,45368,33730,83008,7818,90916,418606,421438,25166,13678,89488,96461,118508,126155,196026,303915,303915,2155787,69900,122655,128839,34950,33862,54179,54179,2547709,2603916,13085,58158,58158,13085,71581,17738,17859,89508,13284,16737,29091,132837,32688,71840,25720,505252,630421,630421,34553,34553,34672,34702,62799,62799,68294,68297,1729,3431168,3432207,2529,12515,18735,8351,8351,24844,24844,9789,9789,64508,6042,18132,44672,50555,50555,132707,132746,3948394,133337,197245,26301,45343,2843,4740,16362,17259,73094,73094,81429,87278,16232,450073,450073,550455,47756,693126,24273,237987,30729,30729,4372146,4371607
4850,1222,1222,4972,4056,76395,67187,143870,143870,14369,62869,128304,128304,31319,34266,329466,329466,334329,334342,198760,198760,344838,344983,55826,57051,58273,14873,14196,103481,807761,807761,11366,3271,37835,32138,70326,81372,22667,19748,40652,60764,2636,30576,22734,55947,5269,61278,265408,266646,20284,15205,82937,89167,108865,115698,158818,246228,246228,1709795,56633,90331,94887,28316,27285,43658,43658,2017348,2062756,12380,55025,55025,12380,72440,16782,18589,92063,12320,15523,26979,123195,31294,68778,23822,471034,587243,587243,29019,29019,30826,31213,52565,52565,69461,69479,1453,2883120,2898673,2263,11208,16779,7512,7512,23997,23997,7719,7719,66238,4339,16313,42597,44974,44974,133353,133403,3312913,111610,165102,22289,42549,2690,4479,12929,13638,66785,66785,67122,71941,13381,351655,351655,439576,47439,570147,18034,176816,29168,29168,3716666,3716294
4824,1417,1417,5347,5296,86304,75902,162532,162532,16457,72001,146940,146940,33364,36503,376235,376235,382228,382245,236713,236713,357175,357295,64680,66099,67516,16762,15998,118467,868935,868935,8063,2321,33559,28505,62374,67269,21141,18422,37917,56678,2283,26507,19706,48494,4567,53115,215639,216189,22917,15125,70139,75197,91196,96747,131045,203173,203173,1633462,46729,79570,83581,23366,22304,35686,35686,1897432,1937732,11157,49588,49588,11157,63483,15126,16269,80480,11214,14133,24560,112156,25600,56263,26184,476528,604834,604834,29544,29544,30495,30786,65919,65919,76008,76018,1476,2751226,2759403,2452,12130,18157,6853,6853,26103,26103,8233,8233,66072,3473,18276,50764,50634,50634,137105,137150,3261600,103206,152669,23615,30388,2379,3968,11546,12179,48580,48580,58416,62611,11646,270453,270453,296126,51970,372372,14613,143265,31058,31058,3469704,3469363
4316,943,943,4132,3417,60692,53376,114298,114298,10960,47948,97851,97851,25268,27646,255160,255160,255919,255921,179734,179734,284867,284971,43022,43964,44907,11935,11391,81185,657860,657860,13407,3859,31232,26530,58052,71002,18600,16207,33362,49872,2725,31614,23502,57839,5448,63350,248946,250398,16116,13534,72760,78209,95429,101406,137655,213419,213419,1378387,49086,70278,73823,24544,19199,30721,30721,1601915,1626415,9577,42561,42561,9577,63837,12982,17182,83417,6931,8732,15178,69305,17756,39028,16411,301423,381832,381832,20779,20779,24977,25924,47996,47996,65716,65733,1040,2274755,2310902,2332,11539,17275,6751,6751,22843,22843,8076,8076,64114,2934,15533,43184,42752,42752,128541,128591,2630798,92725,137167,21905,36790,2414,4023,11527,12159,57467,57467,52504,56276,10468,301896,301896,342489,52089,432961,13122,128650,25504,25504,3000357,3000140
2761,677,677,2793,2875,42062,36993,79212,79212,7705,33716,68808,68808,17131,18743,181154,181154,181507,181506,109972,109972,173363,173427,30895,31573,32250,8380,7997,57716,456027,456027,6161,1772,17131,14555,31846,37720,11644,10144,20884,31213,1434,16658,12385,30480,2871,33382,134869,135527,11169,8650,44950,48288,58842,62506,85035,131837,131837,886402,30323,45865,48176,15161,10172,16275,16275,1025455,1041185,5266,23407,23407,5266,26331,7140,6299,32147,4261,5371,9332,42611,9605,21112,10864,191549,244779,244779,10075,10075,9234,9052,28456,28456,29227,29226,505,1338779,1331537,1106,5472,8192,4443,4443,16525,16525,3964,3964,33720,3595,10750,26458,22021,22021,62942,62958,1431538,67066,99210,17428,19585,1709,2849,9083,9583,32669,32669,35892,38469,7154,181022,181022,178200,40321,215853,6718,65872,17515,17515,1719760,1719750
2648,791,791,2961,3916,46180,40615,86970,86970,9487,41503,84696,84696,16895,18484,210084,210084,209542,209540,121501,121501,186108,186173,36119,36910,37701,9434,9003,66375,472888,472888,9539,2746,17695,15028,32888,42424,12353,10761,22153,33114,1335,15479,11507,28319,2668,31017,152855,153925,12261,8297,43353,46577,56768,60307,77738,120528,120528,894670,27721,40690,42741,13863,9133,14613,14613,1017795,1030863,4854,21581,21581,4854,21845,6583,4937,25843,4677,5890,10240,46760,10837,23817,11628,207412,264396,264396,9803,9803,8157,7804,26748,26748,32641,32647,491,1326567,1312389,1207,5974,8944,3702,3702,16105,16105,4757,4757,32805,1643,8412,23268,19985,19985,59550,59562,1429067,56790,84011,14691,13702,1442,2404,7080,7469,23276,23276,30179,32345,6017,144126,144126,122360,37824,138115,7136,69965,18045,18045,1649639,1649636
2349,592,592,2406,2405,36181,31822,68140,68140,7030,30760,62774,62774,15649,17121,155180,155180,155214,155214,105699,105699,161186,161241,27015,27607,28199,7547,7203,51140,357011,357011,8299,2387,14806,12577,27523,34685,10373,9039,18605,27812,1462,16970,12617,31053,2925,34012,132374,133177,9607,7364,39079,41996,51219,54418,77518,120181,120181,737970,27643,42267,44397,13821,6198,9915,9915,854265,865349,3612,16055,16055,3612,16560,4898,3783,19702,2713,3418,5943,27135,5383,11831,7713,129706,167495,167495,5846,5846,4729,4491,19525,19525,23196,23200,292,1056500,1046896,858,4246,6357,2911,2911,13960,13960,3427,3427,25393,1081,6122,17184,14237,14237,43806,43814,1088992,59129,87470,14897,12049,1291,2150,6919,7299,20585,20585,31678,33953,6316,158220,158220,171213,31668,215169,4811,47166,16260,16260,1331163,1331124
3410,850,850,3479,1918,54397,47842,102442,102442,9651,42219,86160,86160,21405,23419,221528,221528,222906,222911,132347,132347,214948,215029,38844,39698,40548,10435,9961,72251,532497,532497,11038,3176,23794,20213,44228,53581,14556,12682,26105,39024,1776,20612,15325,37712,3553,41306,181768,182818,14444,10694,50595,54265,65866,69894,105592,163710,163710,1084423,37653,67979,71405,18826,15820,25312,25312,1277245,1298652,7528,33455,33455,7528,33862,10203,7881,40480,5405,6813,11837,54048,11220,24660,13396,236351,301998,301998,13465,13465,11065,10622,28391,28391,33575,33581,675,1621112,1596205,1461,7229,10824,4530,4530,17582,17582,4496,4496,37047,1547,9264,26203,22970,22970,68572,68593,1663874,81382,120388,19387,20954,1858,3100,9560,10083,34610,34610,45320,48573,9034,230309,230309,258770,37210,322891,7898,77427,19820,19820,2109939,2109966
3375,687,687,3133,3584,41391,36401,77950,77950,7948,34776,70972,70972,15476,16931,184766,184766,185085,185086,106967,106967,169513,169574,31400,32092,32779,8547,8156,58754,423515,423515,12345,3553,22117,18788,41111,51910,13130,11436,23545,35194,1533,17775,13215,32523,3062,35622,174304,175515,10991,10580,44605,47736,57627,61061,83434,129356,129356,915956,29752,65390,68688,14875,17929,28688,28688,1095712,1116105,9881,43922,43922,9881,49833,13396,11993,61001,4704,5926,10302,47036,9473,20822,11873,207557,265732,265732,15842,15842,14431,14158,28892,28892,34781,34786,791,1461802,1449528,1312,6495,9722,5034,5034,17330,17330,5042,5042,33943,1539,8666,24310,21988,21988,61289,61300,1529972,81112,119989,19412,20860,1814,3023,10524,11102,35422,35422,44021,47183,8777,225564,225564,262762,38672,336606,7714,75634,19000,19000,1985608,1985633
4408,1262,1262,4815,4643,79830,70207,150338,150338,15607,68278,139342,139342,30526,33397,348429,348429,354941,354959,178721,178721,290571,290682,57517,58777,60039,15509,14803,107182,774904,774904,15380,4427,36990,31420,68752,79866,19961,17392,35802,53514,1763,20458,15211,37428,3526,40994,233915,235161,21196,13819,67146,72051,87558,92938,119893,185879,185879,1508271,42753,75050,78835,21375,35187,56300,56300,1773025,1808397,14803,65793,65793,14803,76903,20067,18795,95042,11838,14915,25924,118375,29800,65495,23684,462533,578578,578578,34628,34628,33316,33070,62932,62932,68207,68213,1732,2556058,2544579,2375,11753,17596,9547,9547,22856,22856,7276,7276,57121,1407,15128,45242,49811,49811,121226,121259,2729874,92910,137440,20615,22720,1866,3110,10583,11166,37633,37633,53122,56936,10589,268543,268543,317415,45944,409567,14722,144331,30920,30920,3429653,3429768
3321,771,771,3270,3026,49234,43299,92717,92717,9757,42692,87128,87128,18783,20550,212648,212648,221596,221623,124902,124902,199905,199980,35165,35936,36707,9706,9264,66205,472671,472671,6557,1887,21459,18228,39885,43480,13307,11595,23867,35678,1070,12410,9227,22708,2139,24872,130132,130536,13074,10416,51544,55325,67287,71436,87535,135715,135715,912066,31216,52377,55016,15607,12885,20615,20615,1063103,1078543,6951,30891,30891,6951,33124,9421,7822,40005,5216,6573,11425,52167,11103,24402,12167,219758,279384,279384,12934,12934,11241,10879,30924,30924,33044,33047,646,1405927,1391357,1235,6110,9145,4572,4572,17723,17723,4522,4522,38457,1943,9599,26404,26983,26983,74979,74999,1457720,69804,103260,17571,19334,1633,2718,9057,9555,32139,32139,37439,40125,7464,184384,184384,207525,38682,268086,8672,85016,19049,19049,1882024,1882075
4842,1595,1595,5709,2911,114487,100688,215604,215604,17382,76050,155205,155205,42512,46512,400112,400112,431519,431614,257788,257788,415566,415725,72784,74380,75975,17728,16919,129862,983152,983152,16345,4704,42816,36369,79586,91459,26298,22915,47169,70506,2388,27714,20606,50705,4777,55536,285611,286930,30401,15178,71748,76951,93406,99112,152935,237107,237107,1837827,54534,116484,122355,27268,26627,42600,42600,2150849,2186643,11662,51830,51830,11662,64139,15807,16039,80309,10790,13593,23627,107890,24524,53899,26782,476932,608167,608167,27572,27572,27803,27853,65828,65828,72197,72202,1379,2981544,2983539,2089,10335,15471,7537,7537,24359,24359,8103,8103,53407,1738,16143,47758,48243,48243,112639,112663,3206550,116106,171753,25392,37282,2276,3792,14281,15063,59728,59728,70322,75371,14019,329241,329241,370925,46719,457056,11035,108205,33736,33736,3950506,3950652
3279,1125,1125,3958,4359,66700,58660,125611,125611,13831,60519,123508,123508,27391,29970,301855,301855,314901,314941,184751,184751,298648,298764,51311,52435,53560,14331,13678,97119,693663,693663,8990,2587,31812,27022,59127,64071,20176,17581,36186,54091,1342,15564,11573,28478,2682,31192,187128,187681,17709,10284,53525,57504,70078,74442,99168,153748,153748,1285323,35362,74449,78205,17681,14477,23162,23162,1492089,1520368,7780,34580,34580,7780,34979,10546,8031,41686,6687,8423,14643,66862,15839,34808,15146,279880,354094,354094,12200,12200,9509,8934,36400,36400,34884,34882,609,1902150,1879000,1710,8453,12656,5151,5151,18432,18432,5390,5390,39612,2171,9381,25206,26540,26540,74872,74890,2076463,74206,109773,17623,18791,1677,2792,8422,8885,30822,30822,40867,43801,8147,205651,205651,250063,38735,330788,10729,105172,19500,19500,2487623,2487579
4293,1345,1345,4922,4596,87757,77181,165268,165268,15320,67024,136787,136787,34748,38017,363804,363804,363285,363284,204161,204161,357121,357275,61312,62657,64002,16157,15423,113117,861682,861682,14878,4282,33848,28751,62915,74258,23304,20306,41798,62478,1944,22546,16762,41250,3885,45181,245615,246889,23303,13462,72864,78328,95602,101595,149579,231905,231905,1635137,53338,88658,93130,26670,21744,34792,34792,1898888,1929043,11144,49528,49528,11144,55305,15106,13373,67905,10010,12615,21924,100109,23338,51296,21975,409993,517678,517678,26624,26624,24526,24213,57900,57900,60470,60472,1331,2544102,2522886,2209,10932,16364,7177,7177,24156,24156,7523,7523,54787,1462,15254,45528,43629,43629,111475,111504,2775360,116347,172109,23566,36495,2541,4235,12576,13267,57901,57901,65920,70652,13141,330675,330675,402749,50112,521009,14220,139406,41509,41509,3481391,3481396
3490,840,840,3494,1993,51386,45192,96771,96771,11199,49004,100008,100008,20288,22198,228690,228690,222952,222936,126192,126192,208119,208201,38288,39128,39968,10335,9866,71385,506980,506980,7585,2182,25608,21752,47601,53293,13919,12130,24969,37322,1751,20338,15123,37212,3506,40759,165560,166197,13645,10940,51548,55284,67095,71191,100889,156418,156418,1056387,35976,68486,71940,17989,14684,23492,23492,1252513,1277758,8876,39448,39448,8876,54062,12031,14092,69328,7887,9938,17273,78868,17871,39274,18202,332310,421497,421497,18078,18078,20137,20580,40190,40190,48794,48805,905,1883225,1900952,2001,9908,14829,6765,6765,21393,21393,5034,5034,49296,990,12063,36363,40610,40610,103111,103140,2114412,79522,117634,18961,17873,1778,2963,9611,10139,30645,30645,40816,43748,8135,215524,215524,263248,44775,353148,10306,101039,28907,28907,2538397,2538337
3352,1013,1013,3769,8250,59301,52153,111676,111676,10158,44439,90698,90698,23338,25533,272516,272516,250502,250434,160112,160112,259233,259332,46139,47149,48162,11630,11101,83489,572587,572587,7606,2189,22897,19448,42559,49017,16017,13955,28726,42940,2369,27477,20430,50272,4735,55065,186023,186746,15745,10511,61594,66290,81146,86299,146968,227858,227858,1205747,52408,70293,73838,26203,11834,18934,18934,1415232,1435813,6143,27304,27304,6143,29803,8327,7080,36252,4930,6214,10797,49299,12091,26573,12728,225635,288001,288001,9647,9647,8567,8431,30413,30413,33117,33119,482,1764441,1750345,1443,7135,10682,4737,4737,19142,19142,4771,4771,37230,1011,8554,25109,28152,28152,72414,72432,1884502,90773,134279,22320,26014,2151,3585,11525,12157,42870,42870,50287,53898,10024,264313,264313,307294,39117,387053,7449,73041,21895,21895,2355794,2355784
3163,754,754,3155,4568,43678,38413,82256,82256,8422,36847,75194,75194,16868,18455,201269,201269,204332,204342,123847,123847,200681,200757,34438,35195,35949,9239,8817,64026,458517,458517,4393,1264,20252,17202,37643,40589,12782,11137,22927,34270,1376,15981,11880,29236,2755,32023,130152,130482,11598,9912,47826,51316,62342,66167,100127,155239,155239,908935,35704,54482,57230,17851,11647,18636,18636,1066444,1081613,5824,25881,25881,5824,27390,7896,6584,33529,4572,5758,10009,45706,10205,22426,10560,192393,244138,244138,7902,7902,6584,6348,27609,27609,31800,31803,394,1360506,1346239,1537,7604,11385,4178,4178,17200,17200,4475,4475,33211,1554,8622,24132,22848,22848,62091,62106,1446642,63547,94004,16976,19061,1657,2760,8548,9017,31470,31470,32265,34580,6433,179611,179611,213106,38744,283519,7490,73428,19066,19066,1818563,1818558
2981,736,736,3024,3647,42853,37689,80700,80700,9450,41339,84368,84368,15802,17290,202448,202448,195774,195753,110328,110328,174033,174097,33621,34361,35097,9282,8860,63311,431842,431842,7417,2135,19249,16352,35781,42004,12333,10745,22121,33066,1756,20376,15148,37279,3512,40831,150386,151085,11378,9342,48846,52481,63968,67954,106535,165169,165169,897972,37991,52385,55027,18993,12428,19886,19886,1052441,1064636,5351,23782,23782,5351,28045,7255,6863,34685,3964,4994,8677,39621,8529,18746,9499,170143,216691,216691,7484,7484,7094,7009,26209,26209,25896,25894,374,1340883,1337524,1231,6090,9116,3483,3483,16247,16247,3749,3749,29020,2980,8001,19024,17148,17148,50710,50720,1412122,74445,110126,17873,15073,1474,2459,8211,8662,25346,25346,39450,42281,7864,189667,189667,222518,33610,287192,7221,70784,18821,18821,1784927,1784923
1978,493,493,2017,2478,24905,21903,46903,46903,5149,22519,45958,45958,10385,11364,112888,112888,114770,114775,74751,74751,120020,120064,22548,23045,23538,5578,5324,40491,236009,236009,1319,380,7512,6381,13962,13931,6875,5989,12331,18432,607,7047,5239,12889,1214,14118,53249,53245,6614,6203,26608,28485,34421,36478,39585,61371,61371,462365,14114,31324,32902,7057,5274,8438,8438,547327,559452,2801,12444,12444,2801,10459,3794,2078,11558,2916,3674,6387,29155,5143,11306,5148,101038,126266,126266,4387,4387,2690,2372,16622,16622,20092,20093,220,682903,668122,687,3406,5099,2660,2660,11934,11934,2483,2483,20366,2679,5561,11889,10840,10840,33903,33909,715667,38590,57087,11607,9694,1200,2000,5133,5415,16530,16530,18342,19659,3658,96713,96713,103164,28708,137973,4186,41052,11782,11782,895768,895755
3133,728,728,3086,5106,44776,39381,84325,84325,8982,39297,80195,80195,17004,18604,209729,209729,200164,200134,103380,103380,166372,166435,33249,33980,34708,8814,8415,61506,415453,415453,2966,854,18134,15403,33706,35560,12876,11219,23094,34520,743,8639,6425,15810,1490,17315,106873,107082,11888,9817,40010,42789,51568,54615,80202,124341,124341,796784,28597,64957,68234,14300,12134,19412,19412,954222,968750,6229,27689,27689,6229,30164,8446,7098,36494,5011,6314,10974,50107,10268,22567,12009,213987,272833,272833,11887,11887,10558,10303,28884,28884,31792,31794,595,1291692,1280091,1345,6653,9960,4062,4062,15797,15797,4032,4032,31061,3605,9447,22270,22575,22575,59512,59525,1367349,67637,100055,16869,17791,1624,2708,8110,8553,29330,29330,35138,37661,7005,181155,181155,179133,36661,213881,7238,70956,20921,20921,1600923,1600849
2868,703,703,2898,4305,39761,34969,74879,74879,7695,33660,68695,68695,13960,15274,183023,183023,188907,188924,101318,101318,155950,156003,32050,32752,33455,8377,7996,58918,385241,385241,6222,1792,16981,14423,31563,36971,10058,8763,18039,26964,1098,12754,9484,23336,2199,25561,118810,119418,10557,8990,42411,45483,55203,58574,90039,139592,139592,802895,32108,52201,54832,16053,10667,17068,17068,952078,967808,5580,24800,24800,5580,24908,7564,5653,29522,4182,5268,9157,41813,9625,21152,10712,189010,241498,241498,10320,10320,8493,8238,24471,24471,31583,31589,516,1236431,1219523,1189,5882,8804,4182,4182,16993,16993,4285,4285,32576,3088,8655,20873,20564,20564,58970,58984,1328355,79352,117384,18148,17447,1679,2801,8730,9209,29244,29244,41394,44366,8253,207531,207531,222734,35361,272468,6980,68416,19531,19531,1592894,1592796
3248,992,992,3673,3175,57103,50222,107542,107542,11635,50900,103879,103879,21106,23091,251692,251692,254878,254887,124349,124349,190142,190207,45283,46277,47269,12041,11493,83870,543194,543194,4427,1275,22565,19168,41942,45503,13615,11865,24421,36504,1153,13395,9960,24508,2309,26843,135135,135533,15163,10184,51242,55021,66958,71102,110766,171731,171731,1014447,39498,61404,64498,19749,16441,26306,26306,1189391,1202835,10110,44936,44936,10110,58659,13706,15003,74401,8739,11010,19133,87377,23371,51361,18351,354671,444593,444593,21754,21754,23052,23328,48776,48776,69088,69108,1087,1843284,1854444,1776,8789,13158,6735,6735,21696,21696,5810,5810,56251,4130,19473,53147,57513,57513,131806,131845,1994210,93371,138123,21205,22035,1990,3317,11139,11751,37355,37355,49778,53350,9923,244421,244421,230662,50669,268320,10909,106961,30763,30763,2493730,2493824
2953,961,961,3460,3471,53491,47046,100740,100740,11604,50767,103610,103610,18953,20737,243332,243332,246533,246542,120507,120507,190578,190649,43917,44882,45843,11553,11028,80963,519253,519253,4437,1276,20475,17395,38060,41286,13595,11846,24387,36454,1124,13064,9714,23902,2251,26180,129005,129367,14204,9254,50569,54367,66382,70551,104451,161939,161939,1010466,37245,69992,73523,18622,12980,20766,20766,1198469,1218912,7104,31580,31580,7104,38168,9634,9447,47508,5862,7387,12838,58619,12570,27626,13505,245160,311336,311336,12623,12623,12439,12397,36227,36227,38037,38038,633,1624828,1623233,1601,7920,11856,4728,4728,20299,20299,5015,5015,39786,3380,11141,28173,27370,27370,75143,75160,1771803,75787,112110,18736,16490,1657,2760,8962,9453,28025,28025,37796,40510,7536,202658,202658,204675,41326,247909,9291,91087,20673,20673,2065813,2065747
3540,819,819,3482,3942,44342,38998,83508,83508,8409,36787,75074,75074,17297,18924,198255,198255,205622,205644,135488,135488,205709,205781,37418,38239,39058,10130,9668,69852,474481,474481,6645,1912,29045,24671,53985,58811,14115,12298,25315,37841,1707,19833,14746,36287,3418,39744,167697,168239,11774,11092,56389,60554,73725,78297,122973,190658,190658,1021864,43852,67339,70735,21926,12009,19215,19215,1209407,1226593,6479,28790,28790,6479,30217,8781,7076,36330,5219,6575,11426,52181,11215,24648,13772,238894,306384,306384,14128,14128,12315,11926,31069,31069,39815,39825,707,1582544,1566941,1454,7190,10763,4071,4071,16841,16841,4842,4842,36444,3570,9595,22820,21351,21351,66558,66577,1715582,94364,139591,21051,24490,2074,3457,11078,11684,40670,40670,51754,55470,10318,251203,251203,273618,37579,332390,8684,85122,23937,23937,2200400,2200445
4120,1209,1209,4560,2053,77150,67849,145290,145290,14720,64405,131439,131439,31670,34648,320282,320282,329325,329353,186258,186258,297563,297674,55075,56281,57490,14628,13961,101952,753806,753806,11221,3228,38776,32940,72079,80950,18731,16320,33595,50215,1556,18059,13425,33040,3114,36188,217669,218663,20487,12916,67450,72469,88327,93829,137992,213940,213940,1504671,49206,87975,92412,24601,21278,34044,34044,1772541,1809060,9781,43472,43472,9781,47727,13259,11275,57865,9074,11435,19872,90746,19565,42999,20603,376196,477158,477158,21540,21540,19556,19131,49026,49026,53005,53010,1078,2374568,2357492,1968,9739,14578,6379,6379,22038,22038,6702,6702,48999,3786,14000,36415,37857,37857,98234,98259,2560996,106422,157429,23455,32069,2209,3680,12303,12978,51330,51330,64736,69383,12905,305366,305366,312722,44142,363816,12615,123680,34801,34801,3078912,3078908
3734,1040,1040,4023,6051,61832,54380,116444,116444,12714,55620,113508,113508,23733,25965,290264,290264,271954,271899,155303,155303,254254,254353,47450,48491,49531,12346,11783,86924,614709,614709,5540,1594,29946,25438,55661,59631,17738,15457,31817,47558,1312,15236,11330,27879,2626,30535,169606,170052,16418,11704,53177,56989,69049,73234,115732,179427,179427,1217828,41267,77925,81855,20633,16600,26560,26560,1442284,1471529,8468,37633,37633,8468,41169,11478,9710,49865,7743,9756,16957,77427,17783,39083,17080,317490,401182,401182,16781,16781,15009,14646,40142,40142,41439,41440,840,1941361,1926125,1710,8462,12669,5780,5780,20538,20538,5566,5566,43338,3564,12676,32681,31106,31106,83832,83852,2071093,89778,132806,19661,21647,1809,3015,11091,11700,36962,36962,48706,52206,9711,242083,242083,248052,42966,296665,11423,112002,28477,28477,2437443,2437372
3505,859,859,3544,4920,48911,43015,92111,92111,9108,39852,81328,81328,18992,20778,221442,221442,207354,207312,122686,122686,196282,196356,39224,40084,40943,9396,8970,69272,471380,471380,3109,894,22380,19011,41596,44328,13311,11597,23872,35685,1300,15087,11218,27606,2601,30234,133278,133585,12986,10985,43721,46734,56254,59557,80142,124253,124253,915306,28577,61476,64575,14288,13039,20864,20864,1080621,1100612,5763,25618,25618,5763,28620,7812,6823,34874,5041,6353,11042,50412,10364,22778,13038,226615,290505,290505,12102,12102,11109,10898,32895,32895,35789,35793,605,1451919,1443379,1381,6822,10214,4584,4584,17875,17875,4574,4574,36678,628,8781,26677,26380,26380,70965,70983,1551192,83780,123936,18967,22794,1750,2916,9743,10278,37145,37145,47441,50849,9456,232872,232872,246999,39962,300320,7339,71953,21210,21210,1943203,1943203
3766,1425,1425,4811,3176,83088,73075,156477,156477,15822,69226,141279,141279,30093,32924,343020,343020,352628,352657,181564,181564,298063,298180,65008,66434,67859,15999,15271,116490,739651,739651,7523,2166,30607,26000,56894,63740,16348,14243,29321,43827,1062,12316,9156,22535,2123,24681,172974,173742,22063,11811,58873,63202,76889,81636,118641,183940,183940,1352675,42306,96753,101630,21153,20032,32052,32052,1599718,1626672,10217,45408,45408,10217,50189,13851,11918,60971,9310,11732,20391,93103,17839,39202,22185,393353,502060,502060,22354,22354,20403,19984,47102,47102,51558,51562,1117,2220339,2203542,1914,9470,14177,6263,6263,21562,21562,6325,6325,45064,2462,13464,37616,37015,37015,91024,91046,2378567,99825,147671,22622,23125,2029,3378,10664,11250,37905,37905,60755,65117,12111,284732,284732,297446,47117,356586,9589,94033,34010,34010,2887279,2887303
2507,468,468,2240,3023,25073,22053,47219,47219,5174,22647,46219,46219,10953,11984,121576,121576,117638,117627,81709,81709,132250,132301,21324,21791,22259,4673,4460,36318,257417,257417,2873,826,10333,8777,19206,19378,7720,6725,13844,20694,881,10204,7585,18669,1758,20447,68855,68874,6657,7859,32127,34358,41414,43864,62387,96722,96722,551933,22245,32635,34280,11122,8585,13734,13734,658825,672602,3281,14587,14587,3281,16288,4449,3883,19843,3822,4815,8370,38219,7096,15595,5856,121176,149226,149226,6815,6815,6247,6126,23167,23167,28921,28927,341,864842,859953,831,4115,6157,3948,3948,15133,15133,3247,3247,27377,1227,6921,19421,17889,17889,49406,49415,921686,51682,76451,13548,14473,1359,2263,6462,6816,23833,23833,24003,25726,4785,136069,136069,142442,35813,184277,5096,49952,15003,15003,1086400,1086317
2699,685,685,2776,3389,36347,31966,68450,68450,6968,30481,62207,62207,14682,16062,162818,162818,162043,162042,98466,98466,165316,165384,31266,31951,32636,8439,8055,58287,360964,360964,3796,1093,16508,14024,30685,33897,10828,9436,19424,29036,953,11068,8230,20250,1907,22180,107376,107737,9652,8461,36123,38667,46709,49500,71681,111133,111133,722769,25561,45016,47285,12781,8953,14326,14326,849969,864690,4586,20374,20374,4586,21810,6213,5156,26353,3462,4360,7578,34604,7040,15473,9463,161431,207801,207801,8686,8686,7598,7438,20607,20607,25225,25227,434,1107385,1097659,1122,5554,8313,3091,3091,14219,14219,3361,3361,25735,872,4930,13840,14529,14529,44413,44424,1166011,56625,83764,15746,15418,1496,2492,6938,7319,25129,25129,27616,29598,5505,152556,152556,168644,30990,214847,5543,54340,18956,18956,1387097,1387031
